algorithm,compression_ratio,budget,runtime_seconds,memory_mb,throughput_traj_per_sec,hausdorff_distance,average_pte,frechet_distance,ped,dad,sed,sad,issd,original_points,simplified_points,trajectory_id,trajectory_size,turn_preservation,stop_preservation,original_turns,preserved_turns,preservation_ratio,original_stops,preserved_stops
dp,32.888888888888886,444,18.13554883003235,0.050551414489746094,0.05514032188229157,976.5090817226413,147.10948971396928,1635.028672344024,147.11185787015975,69.19950456046183,469.4341110173179,1.7101480801439746,8291110.996456979,888,27,0,888,,,,,,,
dp,5.074285714285714,177,15.870978832244873,0.04671192169189453,0.06300808605253208,111.7114687145887,1.888878061525556,111.7114687145887,1.8889196459179547,86.2499110643858,721.2243058843103,1.8108589460581241,35726092.12849082,888,175,0,888,,,,,,,
dp,10.206896551724139,88,5.990689516067505,0.02934741973876953,0.1669256931640207,309.9270792926337,2.7553080945223427,394.79496043974154,2.7553080945223427,65.79317001388735,674.2679030779697,1.842233225116777,34462179.30172293,888,87,0,888,,,,,,,
dp,21.142857142857142,44,5.44339919090271,0.01837158203125,0.18370873877323782,442.6277919290001,5.161923284407007,788.1980431008294,5.161923284407007,66.5808533207998,586.6837677269466,1.6310261807303144,28569893.345921867,888,42,0,888,,,,,,,
vw,2.0,444,6.872477054595947,0.028240203857421875,0.14550794306854078,34.27185740441235,0.36516522524185924,34.27185740441235,0.36516522524185924,85.86253620026478,714.3788554728695,1.84934386036267,36350333.81010158,888,444,0,888,,,,,,,
vw,5.016949152542373,177,7.235533237457275,0.028240203857421875,0.1382068145058265,98.1820586980644,1.5966102540586233,98.1820586980644,1.5966102540586233,89.49317530658632,716.5405274266006,1.8347650678397294,35984447.543890074,888,177,0,888,,,,,,,
vw,10.090909090909092,88,7.249216794967651,0.028240203857421875,0.13794593654506127,141.36587350899993,4.798308607822016,184.69793801863884,4.798308607822016,85.66089187619009,717.6733306551192,1.8548484693760952,37078263.54529834,888,88,0,888,,,,,,,
vw,20.181818181818183,44,7.515576124191284,0.029064178466796875,0.1330569983558786,189.40933924267952,11.97399401678203,203.73825356773995,11.97399401678203,91.39508166066275,733.3650289950848,1.921747661882608,36862528.99217068,888,44,0,888,,,,,,,
rw,2.0,444,0.7316925525665283,0.08110904693603516,1.3666942440405339,97.98275724993152,1.785240915261678,97.98275724993152,1.785240915261678,92.3977064985276,701.0959758281043,1.8310379613571681,36568526.89635424,888,444,0,888,,,,,,,
rw,5.285714285714286,177,0.39295315742492676,0.025094985961914062,2.544832586543216,118.44015867426735,5.424916592861826,118.44015867426735,5.424916592861826,98.15187381825315,687.6315375294504,1.8401886045033422,36285208.61509113,888,168,0,888,,,,,,,
rw,10.206896551724139,88,0.5270695686340332,0.017244338989257812,1.8972827488250275,118.86439665653565,10.923262069788445,123.54203376350414,10.923262069788445,82.81979896338632,634.8194315149867,1.8682320131923287,35305162.16221211,888,87,0,888,,,,,,,
rw,20.651162790697676,44,0.24016714096069336,0.009626388549804688,4.163766933311097,155.64106969558202,17.56171394305603,155.64106969558202,17.56171394305603,86.30368253553708,619.2217717995983,1.8752822223749044,34372738.1905099,888,43,0,888,,,,,,,
squish,2.0,444,5.7503275871276855,0.08377838134765625,0.17390313592542725,34.27185740441235,0.36516522524185924,34.27185740441235,0.36516522524185924,85.86253620026478,714.3788554728695,1.84934386036267,36350333.81010158,888,444,0,888,,,,,,,
squish,5.016949152542373,177,7.202961444854736,0.08377838134765625,0.138831785739229,98.1820586980644,1.5966102540586233,98.1820586980644,1.5966102540586233,89.49317530658632,716.5405274266006,1.8347650678397294,35984447.543890074,888,177,0,888,,,,,,,
squish,10.090909090909092,88,7.541464567184448,0.08377838134765625,0.13260023846712082,141.36587350899993,4.798308607822016,184.69793801863884,4.798308607822016,85.66089187619009,717.6733306551192,1.8548484693760952,37078263.54529834,888,88,0,888,,,,,,,
squish,20.181818181818183,44,7.484283685684204,0.0838775634765625,0.13361332119368766,189.40933924267952,11.97399401678203,203.73825356773995,11.97399401678203,91.39508166066275,733.3650289950848,1.921747661882608,36862528.99217068,888,44,0,888,,,,,,,
greedy_policy,2.0,444,0.24039864540100098,0.14416217803955078,4.159757216318475,216.6122945451504,0.822627301109443,216.6122945451504,0.822627301109443,79.81793908420238,712.2291711354203,1.888427238209661,35583323.55199468,888,444,0,888,,,,,,,
greedy_policy,5.016949152542373,177,0.23580241203308105,0.14395713806152344,4.24083872331089,555.5679169919706,10.098571511456113,555.5679169919706,10.098571511456113,72.07288413325561,701.1792105560737,1.8991937825854444,34439698.688821875,888,177,0,888,,,,,,,
greedy_policy,10.090909090909092,88,0.2568655014038086,0.1441326141357422,3.8930879956041182,763.5703198793965,37.348586709085296,1118.8673772733155,37.34892202194282,102.50206151616892,717.7148053479111,1.9167820861406892,35010267.210155234,888,88,0,888,,,,,,,
greedy_policy,20.181818181818183,44,0.2545638084411621,0.14378929138183594,3.9282881809616397,863.8955555370509,60.22087526225829,1356.6129576730464,60.255570672468124,66.87660366011355,703.2531270679353,1.9177990223343253,34701814.32778183,888,44,0,888,,,,,,,
proposed,2.0,444,0.7639272212982178,0.1593761444091797,1.3090252214086575,332.18861395887217,1.817846743571699,332.18861395887217,1.817846743571699,6.94061667412883,3.052484060770706,0.21062057777305263,13429.132472358811,888,444,0,888,0.9669117647058824,1.0,272.0,263.0,1.0,10.0,10.0
proposed,5.016949152542373,177,0.8039333820343018,0.15067481994628906,1.24388416048798,536.572792636566,13.092771834887008,536.572792636566,13.092771834887008,28.01835493749087,33.33083876442846,0.584599755901124,553241.139847254,888,177,0,888,0.7830882352941176,0.9,272.0,213.0,0.9,10.0,9.0
proposed,10.090909090909092,88,0.7764236927032471,0.15070819854736328,1.2879565749962307,615.6920716855178,38.67362731434072,619.4376147579794,38.67362731434072,41.31728325343835,58.283308791680064,0.7842802152979857,983854.3129830784,888,88,0,888,0.7132352941176471,0.6,272.0,194.0,0.6,10.0,6.0
proposed,20.181818181818183,44,0.7705562114715576,0.15300273895263672,1.2977638556572864,1147.629194191206,158.95443975237757,1558.0828513170266,158.95476054889176,46.919947247329105,621.343009402952,1.7365178745971097,29395936.360561717,888,44,0,888,0.5955882352941176,0.8,272.0,162.0,0.8,10.0,8.0
dp,8.038461538461538,104,1.6429963111877441,0.023439407348632812,0.6086440932281135,248.09690320866417,6.712490596214211,248.09690320866417,6.716048539825125,73.89216323843534,13.621903707690736,0.48236831982052486,61019.25513416171,209,26,1,209,,,,,,,
dp,5.225,41,0.5551855564117432,0.015725135803222656,1.8011995961551428,244.026163203135,4.223275515679585,244.026163203135,4.223275515679585,95.91858626757167,27.342074719667423,0.5211626615432444,96541.56380812329,209,40,1,209,,,,,,,
dp,11.0,20,0.44772768020629883,0.014660835266113281,2.2335005053501082,84.67461783984295,1.5649275529286677,84.67461783984295,1.5649275529286677,102.97860772658635,30.295435391818792,0.4751242574409527,89321.19298869495,209,19,1,209,,,,,,,
dp,26.125,10,0.28841710090637207,0.012681007385253906,3.4672007896113857,126.2529276192599,4.57838196668722,126.2529276192599,4.57838196668722,80.82163400917267,63.24715242758546,0.49046382227106594,116854.26608136739,209,8,1,209,,,,,,,
vw,2.0096153846153846,104,0.2101759910583496,0.008060455322265625,4.757917376596918,6.492670454552929,0.13147423770839792,6.749523531187151,0.13147423770839792,86.01038870254968,22.843020291038375,0.45761266387357363,82210.14258524698,209,104,1,209,,,,,,,
vw,5.097560975609756,41,0.2678549289703369,0.006323814392089844,3.7333641902506978,16.596008991294674,1.1869114090907613,16.596008991294674,1.1869114090907613,80.10509913989893,31.692151859918766,0.5951339555249618,78807.90409527176,209,41,1,209,,,,,,,
vw,10.45,20,0.27335262298583984,0.006323814392089844,3.6582784137096125,25.220438203152547,3.999366908733784,30.53487115422947,3.999366908733784,93.00033538007342,77.85775419067905,0.5192619199468963,130334.36493550055,209,20,1,209,,,,,,,
vw,20.9,10,0.2737159729003906,0.006323814392089844,3.6534221565648823,53.382347448967806,21.109629316512645,74.5661772657029,21.109629316512645,89.78054206357581,111.1394641011373,0.4834513121257022,211705.4036733893,209,10,1,209,,,,,,,
rw,2.0096153846153846,104,0.16080093383789062,0.016965866088867188,6.218869356866652,5.46215352956426,0.5506043865778353,5.46215352956426,0.5506043865778353,90.44428578067537,22.543204981782285,0.4425804046555646,80013.85816280823,209,104,1,209,,,,,,,
rw,5.358974358974359,41,0.14448928833007812,0.0101165771484375,6.920928267814241,11.811070227346061,2.6104390972954725,11.811070227346061,2.6104390972954725,92.02896110530202,44.82497176866715,0.6165871303385976,95795.58909016235,209,39,1,209,,,,,,,
rw,12.294117647058824,20,0.09748244285583496,0.009738922119140625,10.258257494417554,20.159871588256177,3.1834537912998253,23.351555869607395,3.1834537912998253,94.95696808053063,87.19959021589463,0.47652840659353074,166795.13624252984,209,17,1,209,,,,,,,
rw,20.9,10,0.07115030288696289,0.008554458618164062,14.054753942350867,71.81411155551339,5.084996157780644,71.81411155551339,5.084996157780644,82.42754874753558,67.3537506122406,0.4807524950900225,138425.26567913598,209,10,1,209,,,,,,,
squish,2.0096153846153846,104,0.30872011184692383,0.0168914794921875,3.2391799614786394,6.492670454552929,0.13147423770839792,6.749523531187151,0.13147423770839792,86.01038870254968,22.843020291038375,0.45761266387357363,82210.14258524698,209,104,1,209,,,,,,,
squish,5.097560975609756,41,0.3983027935028076,0.0168914794921875,2.510652740357823,16.596008991294674,1.1869114090907613,16.596008991294674,1.1869114090907613,80.10509913989893,31.692151859918766,0.5951339555249618,78807.90409527176,209,41,1,209,,,,,,,
squish,10.45,20,0.41712260246276855,0.0168914794921875,2.397376680371229,25.220438203152547,3.999366908733784,30.53487115422947,3.999366908733784,93.00033538007342,77.85775419067905,0.5192619199468963,130334.36493550055,209,20,1,209,,,,,,,
squish,20.9,10,0.41735029220581055,0.0168914794921875,2.396068766873808,53.382347448967806,21.109629316512645,74.5661772657029,21.109629316512645,89.78054206357581,111.1394641011373,0.4834513121257022,211705.4036733893,209,10,1,209,,,,,,,
greedy_policy,2.0096153846153846,104,0.05621170997619629,0.038478851318359375,17.789887559433176,16.77487812295244,0.23421396221089713,26.663117516615113,0.23421396221089713,85.791197194171,16.898601804355074,0.5472855615594386,64004.42532935605,209,104,1,209,,,,,,,
greedy_policy,5.097560975609756,41,0.0554964542388916,0.03852558135986328,18.01916921926889,71.81411155551339,1.7515746395788396,71.81411155551339,1.7515746395788396,81.22232054584875,18.26778790181066,0.5329865886717483,68193.67884753994,209,41,1,209,,,,,,,
greedy_policy,10.45,20,0.05557584762573242,0.03856468200683594,17.993427769817504,71.81411155551339,4.859584989302418,71.81411155551339,4.859712972644812,86.7137518767639,47.34702082440479,0.6980791191256686,94761.22132638292,209,20,1,209,,,,,,,
greedy_policy,20.9,10,0.056275129318237305,0.03852558135986328,17.76983921875993,71.81411155551339,6.64638712789656,71.81411155551339,6.64638712789656,92.70303779519185,82.76562085556947,0.5166243753956609,182516.13997402944,209,10,1,209,,,,,,,
proposed,2.0096153846153846,104,0.18463492393493652,0.039900779724121094,5.41609343827276,34.19337297397988,6.869454955304003,66.20256842101912,6.869454955304003,30.623482005658982,13.615064312157504,0.2762901447495268,15282.485842042468,209,104,1,209,0.6814159292035398,0.5,113.0,77.0,0.5,6.0,3.0
proposed,5.097560975609756,41,0.1848926544189453,0.04205322265625,5.408543693326593,58.14289891010969,7.329851674508025,72.5992747406627,7.329851674508025,58.57686232373432,20.75069778717171,0.361417886804419,23026.23507048279,209,41,1,209,0.6637168141592921,0.5,113.0,75.0,0.5,6.0,3.0
proposed,10.45,20,0.1830289363861084,0.04042339324951172,5.463616954482277,58.14289891010969,9.579033050319287,62.47223230879505,9.579033050319287,72.88834085071174,22.61655899587926,0.399156205275366,24680.449073829455,209,20,1,209,0.504424778761062,0.6666666666666666,113.0,57.0,0.6666666666666666,6.0,4.0
proposed,20.9,10,0.1846771240234375,0.04108428955078125,5.414855820870859,58.14289891010969,14.923816737307728,66.87026666712993,14.923816737307728,74.26485029918113,55.28369256303111,0.43336907296424954,81237.9815267313,209,10,1,209,0.5575221238938053,0.6666666666666666,113.0,63.0,0.6666666666666666,6.0,4.0
dp,48.61538461538461,316,7.077380895614624,0.02813243865966797,0.14129520718881086,2807.486568759966,75.0126271644053,3095.9462177508776,75.0126271644053,56.62980963417494,593.3735417476319,0.9180269814310321,4211580.95681276,632,13,2,632,,,,,,,
dp,6.196078431372549,126,2.570058584213257,0.028842926025390625,0.3890961887571597,101.68943237443321,1.280942532731158,101.68943237443321,1.280942532731158,48.73363504847135,524.2757711459274,0.7327482996108837,4131304.130753084,632,102,2,632,,,,,,,
dp,10.533333333333333,63,3.537689685821533,0.021513938903808594,0.2826703551777965,101.68943237443321,2.0379591255773564,101.68943237443321,2.0379591255773564,44.05082984203673,444.16522750114564,0.7406916006459225,3672190.546620275,632,60,2,632,,,,,,,
dp,20.387096774193548,31,1.677980899810791,0.014504432678222656,0.5959543401910951,352.1084732862118,3.2737819292211747,352.1084732862118,3.2737819292211747,44.275818112809105,518.4626462342909,0.8906072108763549,3823938.4317942234,632,31,2,632,,,,,,,
vw,2.0,316,2.102062225341797,0.020015716552734375,0.4757233101590983,16.421840900025863,0.24659340099237573,16.421840900025863,0.24659340099237573,54.06891720988078,564.9693931709062,0.6776657426886228,4379190.982378684,632,316,2,632,,,,,,,
vw,5.015873015873016,126,2.656486749649048,0.018474578857421875,0.376437036673385,38.38370251146498,0.9610922758038603,38.38370251146498,0.9610922758038603,50.317348993302716,549.2226889352102,0.6821652737049435,4255369.841515034,632,126,2,632,,,,,,,
vw,10.031746031746032,63,2.7200205326080322,0.018474578857421875,0.36764428356765816,74.48639668396832,1.9026705649066165,75.26322701267034,1.9026705649066165,50.370258146714946,548.4943009110988,0.6461980834777503,4172220.7761151907,632,63,2,632,,,,,,,
vw,20.387096774193548,31,2.7266287803649902,0.018474578857421875,0.3667532621973346,163.08254179429602,3.64962102833697,163.08254179429602,3.64962102833697,45.051251922213325,435.5480301750137,0.6803632048330908,3553366.7638422484,632,31,2,632,,,,,,,
rw,2.0,316,0.4795379638671875,0.07247161865234375,2.085340630667897,14.934017889048615,0.7352036288138543,14.934017889048615,0.7352036288138543,51.66451532270854,565.2348989964249,2.3203007946472325,6813856.765549008,632,316,2,632,,,,,,,
rw,5.180327868852459,126,0.35826659202575684,0.023659706115722656,2.791217552118583,36.02783324018283,2.1739430093684833,36.02783324018283,2.1739430093684833,51.587536470781316,574.7987802226297,1.275424398324864,5384654.074964074,632,122,2,632,,,,,,,
rw,10.193548387096774,63,0.27773618698120117,0.01772308349609375,3.600539097441004,49.42863769908635,3.7204863001907316,49.42863769908635,3.7204863001907316,51.6535725553644,575.8717225646768,0.9384720127081605,4929354.084438713,632,62,2,632,,,,,,,
rw,21.79310344827586,31,0.20776128768920898,0.009654998779296875,4.8132162209925475,124.77092290583255,7.785260311572743,124.77092290583255,7.785260311572743,49.549676581655355,489.9300069549373,0.6861607460739384,4212015.417591942,632,29,2,632,,,,,,,
squish,2.0,316,2.9025120735168457,0.05771636962890625,0.34452914395230894,16.421840900025863,0.24659340099237573,16.421840900025863,0.24659340099237573,54.06891720988078,564.9693931709062,0.6776657426886228,4379190.982378684,632,316,2,632,,,,,,,
squish,5.015873015873016,126,3.6311733722686768,0.05771636962890625,0.27539307476668956,38.38370251146498,0.9610922758038603,38.38370251146498,0.9610922758038603,50.317348993302716,549.2226889352102,0.6821652737049435,4255369.841515034,632,126,2,632,,,,,,,
squish,10.031746031746032,63,3.782931327819824,0.05771636962890625,0.2643452691424666,74.48639668396832,1.9026705649066165,75.26322701267034,1.9026705649066165,50.370258146714946,548.4943009110988,0.6461980834777503,4172220.7761151907,632,63,2,632,,,,,,,
squish,20.387096774193548,31,3.8089659214019775,0.05771636962890625,0.26253844760887934,163.08254179429602,3.64962102833697,163.08254179429602,3.64962102833697,45.051251922213325,435.5480301750137,0.6803632048330908,3553366.7638422484,632,31,2,632,,,,,,,
greedy_policy,2.0,316,0.1699512004852295,0.09989452362060547,5.884041990553108,48.12032312100669,0.39733923294198126,48.12032312100669,0.39733923294198126,52.37539364579241,492.04381817300424,0.8341400575538571,4021900.651957519,632,316,2,632,,,,,,,
greedy_policy,5.015873015873016,126,0.170607328414917,0.10015201568603516,5.861412925756625,165.68970333387804,2.538501131201611,165.68970333387804,2.538501131201611,50.23825724486804,223.56665583650107,1.1436038916907947,2930148.800647876,632,126,2,632,,,,,,,
greedy_policy,10.031746031746032,63,0.16886663436889648,0.10023784637451172,5.9218329525977085,372.86981957147543,4.274887478595527,372.86981957147543,4.274887478595527,56.826110657284346,288.1783219891047,1.1475191271555307,3079853.8365495736,632,63,2,632,,,,,,,
greedy_policy,20.387096774193548,31,0.16693973541259766,0.09993743896484375,5.990185605173409,800.7250801015032,7.747586623670748,800.7250801015032,7.747586623670748,64.64022810229325,393.97879803947524,1.456747777832394,2867213.4926911597,632,31,2,632,,,,,,,
proposed,2.0,316,0.5538465976715088,0.10472393035888672,1.8055541086723597,85.99143165672011,0.6562198907894312,85.99143165672011,0.6562198907894312,5.99342149461787,1.2567897765277287,0.15950360525739596,3926.419093102179,632,316,2,632,0.995260663507109,1.0,211.0,210.0,1.0,8.0,8.0
proposed,5.015873015873016,126,0.5618712902069092,0.1048135757446289,1.7797670346028,366.43484622399006,3.499640617230007,366.43484622399006,3.499640617230007,15.587991738736607,6.387062246488171,0.2863266415436911,20633.791738773067,632,126,2,632,0.5876777251184834,1.0,211.0,124.0,1.0,8.0,8.0
proposed,10.031746031746032,63,0.5626766681671143,0.10491085052490234,1.7772195944385618,462.3620608785908,36.14362540525516,462.3620608785908,36.14362540525516,26.70326726312772,49.256006754139456,0.46521623098754666,260474.2755773908,632,63,2,632,0.5260663507109005,0.875,211.0,111.0,0.875,8.0,7.0
proposed,20.387096774193548,31,0.5659995079040527,0.10482501983642578,1.7667859883890893,975.6748225790984,252.36744445086634,988.5597555412552,252.36744445086634,42.042861648859926,329.13715870769005,0.7589101639462519,1533539.9914384785,632,31,2,632,0.4028436018957346,0.375,211.0,85.0,0.375,8.0,3.0
dp,17.51219512195122,718,18.867690086364746,0.07380008697509766,0.05300065855558426,463.9604102867123,22.584668027322174,666.737648463161,22.58467543867928,88.9482417113594,475.91654421644,0.9048419505009285,14447765.846754769,1436,82,3,1436,,,,,,,
dp,5.003484320557491,287,10.123331546783447,0.06641101837158203,0.09878170989250437,127.95226176714507,0.9446865612122209,127.95226176714507,0.9446865612122209,82.9842028458929,376.6655275287633,0.7034158632191504,13018780.757803038,1436,287,3,1436,,,,,,,
dp,10.112676056338028,143,8.499225378036499,0.034587860107421875,0.11765778121194159,113.18258460205779,1.4495461284996016,155.33090191905606,1.4495645813325468,92.68823081170473,422.2535412126762,0.7284745980517293,13043565.281245211,1436,142,3,1436,,,,,,,
dp,20.514285714285716,71,5.532617568969727,0.027024269104003906,0.18074627200126867,142.4309257661844,2.7389090531782583,155.33090191905606,2.7389090531782583,84.17365471363303,402.15510295713494,0.7003426187459132,12579029.733310753,1436,70,3,1436,,,,,,,
vw,2.0,718,11.616604804992676,0.049114227294921875,0.08608367219053645,14.820413286060054,0.24085998615571955,14.820413286060054,0.24085998615571955,86.85511250271034,389.34579630779615,0.6842166335661838,13458557.415515179,1436,718,3,1436,,,,,,,
vw,5.003484320557491,287,14.326873779296875,0.049114227294921875,0.06979889788971655,36.631676385093186,1.252936101290632,36.631676385093186,1.252936101290632,78.0372246293464,459.06796219567264,0.7073863419075473,13062047.42837306,1436,287,3,1436,,,,,,,
vw,10.041958041958042,143,14.821844100952148,0.049114227294921875,0.06746798800398666,74.09343334379047,2.0328798508324346,77.72600038285779,2.0328798508324346,86.18304453529754,421.24517299443784,0.6881968628018962,12000444.967751326,1436,143,3,1436,,,,,,,
vw,20.225352112676056,71,14.977937698364258,0.049114227294921875,0.0667648657738248,123.19941368151551,4.638152373559295,204.098428836158,4.638152373559295,98.29581941525943,379.72983631420817,0.6887919718649436,11127060.265256643,1436,71,3,1436,,,,,,,
rw,2.1242603550295858,718,0.9033076763153076,0.12164592742919922,1.1070425129996804,10.97786661592773,0.677926119535588,13.72711823893679,0.677926119535588,93.35069879890266,459.0404368512698,0.7069526477557548,13888058.49896368,1436,676,3,1436,,,,,,,
rw,5.020979020979021,287,0.7900636196136475,0.038559913635253906,1.2657208548458596,25.84790135424918,1.9098015842197853,26.245321397202968,1.9098015842197853,82.86514232446423,472.61350758291036,0.6956937604425129,13125948.332479417,1436,286,3,1436,,,,,,,
rw,10.041958041958042,143,0.6978130340576172,0.030348777770996094,1.4330486121550887,34.67782050375253,4.145598311912649,40.80374411375056,4.145598311912649,80.63827622501847,453.21160147433795,0.6865184537800625,12315182.310142152,1436,143,3,1436,,,,,,,
rw,20.225352112676056,71,0.6242995262145996,0.018652915954589844,1.6017952249033989,68.7759212482909,7.879964623626631,71.00144287940772,7.879964623626631,87.09814287672411,406.2856131146951,0.6928638042681267,12077941.440652154,1436,71,3,1436,,,,,,,
squish,2.0,718,15.062129020690918,0.13910675048828125,0.06639167667640446,14.820413286060054,0.24085998615571955,14.820413286060054,0.24085998615571955,86.85511250271034,389.34579630779615,0.6842166335661838,13458557.415515179,1436,718,3,1436,,,,,,,
squish,5.003484320557491,287,19.368091583251953,0.13910675048828125,0.051631313064665785,36.631676385093186,1.252936101290632,36.631676385093186,1.252936101290632,78.0372246293464,459.06796219567264,0.7073863419075473,13062047.42837306,1436,287,3,1436,,,,,,,
squish,10.041958041958042,143,19.588149070739746,0.13910675048828125,0.05105127576825384,74.09343334379047,2.0328798508324346,77.72600038285779,2.0328798508324346,86.18304453529754,421.24517299443784,0.6881968628018962,12000444.967751326,1436,143,3,1436,,,,,,,
squish,20.225352112676056,71,19.8035728931427,0.13910675048828125,0.05049593855592926,123.19941368151551,4.638152373559295,204.098428836158,4.638152373559295,98.29581941525943,379.72983631420817,0.6887919718649436,11127060.265256643,1436,71,3,1436,,,,,,,
greedy_policy,2.0,718,0.38693881034851074,0.22361278533935547,2.584387952966809,121.666285805462,0.6294962708291809,121.666285805462,0.6294962708291809,99.0535694847132,479.9740744474685,0.7835343106288744,13970846.981926601,1436,718,3,1436,,,,,,,
greedy_policy,5.003484320557491,287,0.38623738288879395,0.22344112396240234,2.5890813378049464,363.19426668139886,4.787421606431133,370.86045051810345,4.787421606431133,92.17583450416929,468.54393663321633,0.8545541808244577,13644610.822500223,1436,287,3,1436,,,,,,,
greedy_policy,10.041958041958042,143,0.38880300521850586,0.2233123779296875,2.5719965807311693,363.19426668139886,9.811057740787,371.23546938889086,9.811092234396625,82.06009810654302,476.0038366922046,0.8699671760633156,13904035.054228168,1436,143,3,1436,,,,,,,
greedy_policy,20.225352112676056,71,0.3918025493621826,0.22365570068359375,2.5523060062470373,363.19426668139886,19.25564756746266,406.7035154930554,19.25603307971366,86.62404669102393,503.70799837440944,0.8927071979821274,14250236.739271376,1436,71,3,1436,,,,,,,
proposed,2.0,718,1.236386775970459,0.23431873321533203,0.8088083918683817,358.8931670567805,2.6072190326325786,360.2167570603054,2.6072190326325786,11.281238503212283,4.234551126652921,0.18186184600790484,73895.08355984751,1436,718,3,1436,0.889273356401384,1.0,578.0,514.0,1.0,27.0,27.0
proposed,5.003484320557491,287,1.2368767261505127,0.2344045639038086,0.8084880076224445,765.1863394068379,29.521785264759007,810.9411783661452,29.52182209589612,48.59964445641508,107.2207361360306,0.49877978879394536,2508175.9220814845,1436,287,3,1436,0.4532871972318339,0.37037037037037035,578.0,262.0,0.37037037037037035,27.0,10.0
proposed,10.041958041958042,143,1.2337205410003662,0.23428726196289062,0.8105563348966751,988.4826728241228,91.95246293329947,1010.8646294286197,91.95246293329947,61.90425261153927,316.26556883591365,0.7809189318245559,9753788.03940826,1436,143,3,1436,0.2750865051903114,0.18518518518518517,578.0,159.0,0.18518518518518517,27.0,5.0
proposed,20.225352112676056,71,1.2396748065948486,0.23636341094970703,0.8066631625327695,988.4826728241228,92.06593770409414,1010.8646294286197,92.06593770409414,66.15482538396299,317.23540967194646,0.798076492435151,9779530.508468265,1436,71,3,1436,0.23529411764705882,0.2222222222222222,578.0,136.0,0.2222222222222222,27.0,6.0
dp,18.875,75,1.0811283588409424,0.02155780792236328,0.9249595497356867,306.15918955175067,4.728206273792268,306.15918955175067,4.728215210480127,71.32855301401953,429.1609087176205,3.2236528926701182,485707.8820115635,151,8,4,151,,,,,,,
dp,5.033333333333333,30,0.3310730457305908,0.014252662658691406,3.0204814704660237,103.43944056609408,1.2821422519309136,115.50540773794685,1.2821422519309136,70.03502277780628,67.81545930433002,1.793792623791083,123993.13936491912,151,30,4,151,,,,,,,
dp,16.77777777777778,15,0.20421481132507324,0.012048721313476562,4.89680446541255,221.11661750048708,3.7231869812778733,221.11661750048708,3.7231869812778733,67.3983856804284,185.72245983649682,3.099558569463303,185674.19811101415,151,9,4,151,,,,,,,
dp,21.571428571428573,7,0.15752744674682617,0.011983871459960938,6.348100097167022,622.7128895827191,4.741874622300089,649.671505638204,4.741874622300089,76.48378913895782,199.66449075720726,3.0480476551953615,255233.58124366257,151,7,4,151,,,,,,,
vw,2.013333333333333,75,0.11089515686035156,0.007183074951171875,9.01752635833577,36.38320419328744,0.8920604723190753,36.38320419328744,0.8920604723190753,68.36437747560173,108.66123123664354,3.5315082299296847,122430.90758569588,151,75,4,151,,,,,,,
vw,5.033333333333333,30,0.13930296897888184,0.006323814392089844,7.178597895868241,52.58873724983718,2.9036356184551813,52.58873724983718,2.9036356184551813,61.37271548872003,62.18062938017635,2.0954166530591594,90159.81628992001,151,30,4,151,,,,,,,
vw,10.066666666666666,15,0.14361310005187988,0.006323814392089844,6.963153080316158,67.05102804403816,10.977837373658822,67.05102804403816,10.977837373658822,62.657353103248134,96.44859491774429,1.92546776580503,98847.22213934973,151,15,4,151,,,,,,,
vw,21.571428571428573,7,0.14313292503356934,0.006323814392089844,6.986512710233983,221.11661750048708,12.267068033894411,221.11661750048708,12.267068033894411,64.32380783166815,158.31408254461007,2.4924414390886245,163934.35913882812,151,7,4,151,,,,,,,
rw,2.013333333333333,75,0.13733124732971191,0.015423774719238281,7.28166400177775,9.40528986811515,1.135210370354561,21.05725523193577,1.135210370354561,54.934399361644694,57.88021401493113,1.554674645727818,103049.15821782956,151,75,4,151,,,,,,,
rw,5.206896551724138,30,0.07104039192199707,0.009479522705078125,14.076498917658114,31.094129324734283,7.553761943284499,31.094129324734283,7.553761943284499,63.08738096797759,53.91832671066823,2.2574590191832593,61287.68599658478,151,29,4,151,,,,,,,
rw,13.727272727272727,15,0.03537869453430176,0.0075931549072265625,28.265599202097192,112.75246054242889,10.073433780842588,112.75246054242889,10.073433780842588,62.582993595644325,68.0039598342777,2.1305689689097758,78463.36855136344,151,11,4,151,,,,,,,
rw,25.166666666666668,7,0.009715080261230469,0.0071697235107421875,102.93275743594778,481.6098394291031,11.45836969306238,481.6098394291031,11.45836969306238,64.13288117691222,135.15171281642276,2.6125438675355173,130961.41159321577,151,6,4,151,,,,,,,
squish,2.013333333333333,75,0.15336179733276367,0.0126953125,6.52052869353249,36.38320419328744,0.8920604723190753,36.38320419328744,0.8920604723190753,68.36437747560173,108.66123123664354,3.5315082299296847,122430.90758569588,151,75,4,151,,,,,,,
squish,5.033333333333333,30,0.19894075393676758,0.0126953125,5.026622148611367,52.58873724983718,2.9036356184551813,52.58873724983718,2.9036356184551813,61.37271548872003,62.18062938017635,2.0954166530591594,90159.81628992001,151,30,4,151,,,,,,,
squish,10.066666666666666,15,0.21124863624572754,0.0126953125,4.7337583700979975,67.05102804403816,10.977837373658822,67.05102804403816,10.977837373658822,62.657353103248134,96.44859491774429,1.92546776580503,98847.22213934973,151,15,4,151,,,,,,,
squish,21.571428571428573,7,0.19988656044006348,0.0126953125,5.002837598478026,221.11661750048708,12.267068033894411,221.11661750048708,12.267068033894411,64.32380783166815,158.31408254461007,2.4924414390886245,163934.35913882812,151,7,4,151,,,,,,,
greedy_policy,2.013333333333333,75,0.04000449180603027,0.03046131134033203,24.997192936450702,78.89684051413582,0.501598035053253,80.38253315779777,0.501598035053253,67.42744977798858,89.0557483756932,3.046664454675745,151863.9214133098,151,75,4,151,,,,,,,
greedy_policy,5.033333333333333,30,0.04004359245300293,0.030246734619140625,24.972784376767585,134.0340635926558,2.414031373932251,139.99451640023926,2.414031373932251,77.39441496954751,122.07132580309398,2.941656772950757,186477.3303123748,151,30,4,151,,,,,,,
greedy_policy,10.066666666666666,15,0.03979802131652832,0.030160903930664062,25.12687734012281,139.99451640023926,5.22696492877442,139.99451640023926,5.227072603790891,64.70999504284842,136.72241642814643,3.320298214083976,170809.83826982914,151,15,4,151,,,,,,,
greedy_policy,21.571428571428573,7,0.0397186279296875,0.030246734619140625,25.17710334229735,303.7479399341045,6.583608622565655,303.7479399341045,6.583608622565655,67.53193143641462,321.304930585937,3.000826408342474,329575.84255356836,151,7,4,151,,,,,,,
proposed,2.013333333333333,75,0.13298964500427246,0.03135490417480469,7.519382429871692,88.95819957380326,1.615628472522427,109.89984092865268,1.615628472522427,20.623016198579617,11.619530485143098,0.8636269041176742,13180.881222274948,151,75,4,151,0.8153846153846154,1.0,65.0,53.0,1.0,4.0,4.0
proposed,5.033333333333333,30,0.13384175300598145,0.03157329559326172,7.471510029873186,272.2705230196481,11.59824713418293,272.2705230196481,11.59824713418293,48.831194427518554,159.1391952719486,1.9935476007972923,135169.76628128364,151,30,4,151,0.4461538461538462,0.5,65.0,29.0,0.5,4.0,2.0
proposed,10.066666666666666,15,0.1342484951019287,0.031187057495117188,7.448873071096596,272.2705230196481,11.691584445876815,272.2705230196481,11.691584445876815,54.1835138029309,159.3096888834563,2.0102466841707876,135373.75593366954,151,15,4,151,0.6307692307692307,0.75,65.0,41.0,0.75,4.0,3.0
proposed,21.571428571428573,7,0.13460326194763184,0.031015396118164062,7.429240462159496,293.60859687028176,12.86919637975314,293.60859687028176,12.86919637975314,62.79077458920127,173.89225024059672,2.149366508961034,155864.5345111114,151,7,4,151,0.8153846153846154,0.75,65.0,53.0,0.75,4.0,3.0
dp,22.157894736842106,1052,28.845351696014404,0.08736228942871094,0.0346676306996864,692.394096244354,19.550608711354762,1614.2552296423482,19.55082428915379,87.74319840985586,446.43145140557374,1.1033546808589052,6873361.209924111,2105,95,5,2105,,,,,,,
dp,5.0,421,18.917402267456055,0.09327411651611328,0.052861380535334804,207.41589139729115,1.2694052636813689,207.41589139729115,1.2694052636813689,74.96713755643995,260.9180693093278,0.8076838379233162,3782767.834282932,2105,421,5,2105,,,,,,,
dp,10.07177033492823,210,15.004683017730713,0.06542110443115234,0.06664585975047399,176.74288808948828,1.7406603577750048,310.1355874174165,1.7406603577750048,80.41545155233894,314.40720118100836,0.7689629714772144,4328996.35414031,2105,209,5,2105,,,,,,,
dp,20.047619047619047,105,18108.73957467079,0.03289604187011719,5.5221954895123034e-05,284.1382760267272,2.7405962410294498,317.4912612646337,2.740629505417056,73.43418507083372,313.51047311926544,0.739094850696858,4524328.597448728,2105,105,5,2105,,,,,,,
vw,2.0009505703422055,1052,43.66914367675781,0.07574462890625,0.022899464376999763,18.690260598679796,0.27250200357356863,18.690260598679796,0.27250200357356863,81.4368648732569,338.02944501439407,0.7261594221219321,4658188.494540254,2105,1052,5,2105,,,,,,,
vw,5.0,421,60.98601698875427,0.07467269897460938,0.016397201348374635,37.03803795444195,1.0673156813669662,37.03803795444195,1.0673156813669662,74.32199604661012,408.833302616626,0.7240558517631394,5771623.759036337,2105,421,5,2105,,,,,,,
vw,10.023809523809524,210,53.442774295806885,0.07467269897460938,0.018711603452039725,50.76790767347874,2.0864404564069425,70.24579680580926,2.0864404564069425,85.31819997701571,487.33118871808233,0.7191051855956512,7352822.036879575,2105,210,5,2105,,,,,,,
vw,20.047619047619047,105,40.0353581905365,0.07467269897460938,0.024977920648063007,108.52045960289492,4.25942655982109,125.7160083376299,4.25942655982109,78.68391632278941,649.9319684454665,0.6702063391915684,9481100.609486869,2105,105,5,2105,,,,,,,
rw,2.0105062082139447,1052,2.3006107807159424,0.2375335693359375,0.4346671798559526,32.63214321623563,0.6026814766911786,32.63214321623563,0.6026814766911786,79.27997931888258,355.80154039495153,0.7172105317566841,5101132.655352451,2105,1047,5,2105,,,,,,,
rw,5.060096153846154,421,1.7086787223815918,0.08732986450195312,0.5852475289246766,32.63214321623563,1.9309012440857147,38.321852754597,1.9309392568309753,77.6549540936327,387.7789826959631,0.7104694853185126,5618200.114748757,2105,416,5,2105,,,,,,,
rw,10.169082125603865,210,1.8159093856811523,0.03558635711669922,0.5506882710586891,176.74288808948828,5.189613299648452,176.74288808948828,5.189863745512011,74.47373521258767,483.02860909048036,0.6597750844719379,7109354.219522171,2105,207,5,2105,,,,,,,
rw,20.637254901960784,105,1.109368085861206,0.02283000946044922,0.901414068734181,176.74288808948828,13.934132683286332,176.74288808948828,13.939594411046677,74.76975432776769,606.8792557148216,0.6700271428179194,8977034.681430444,2105,102,5,2105,,,,,,,
squish,2.0009505703422055,1052,39.67724823951721,0.20575714111328125,0.025203360726110877,18.690260598679796,0.27250200357356863,18.690260598679796,0.27250200357356863,81.4368648732569,338.02944501439407,0.7261594221219321,4658188.494540254,2105,1052,5,2105,,,,,,,
squish,5.0,421,50.811522483825684,0.20575714111328125,0.019680575411183947,37.03803795444195,1.0673156813669662,37.03803795444195,1.0673156813669662,74.32199604661012,408.833302616626,0.7240558517631394,5771623.759036337,2105,421,5,2105,,,,,,,
squish,10.023809523809524,210,52.37807559967041,0.20575714111328125,0.019091957628284695,50.76790767347874,2.0864404564069425,70.24579680580926,2.0864404564069425,85.31819997701571,487.33118871808233,0.7191051855956512,7352822.036879575,2105,210,5,2105,,,,,,,
squish,20.047619047619047,105,52.79417610168457,0.20575714111328125,0.01894148320591164,108.52045960289492,4.25942655982109,125.7160083376299,4.25942655982109,78.68391632278941,649.9319684454665,0.6702063391915684,9481100.609486869,2105,105,5,2105,,,,,,,
greedy_policy,2.0009505703422055,1052,0.701831579208374,0.3205900192260742,1.4248432667107156,63.497936169577805,0.7555026815513933,133.5272577720171,0.7555026815513933,73.09872223608437,210.3609183092567,0.9753220046295383,2892463.2711845404,2105,1052,5,2105,,,,,,,
greedy_policy,5.0,421,0.693946123123169,0.3202037811279297,1.4410340611161674,211.04511840247125,5.304627407100601,381.35632123506565,5.304631544085858,81.73721174649772,251.17051281510828,1.1853168206481668,3334420.157468051,2105,421,5,2105,,,,,,,
greedy_policy,10.023809523809524,210,0.6967930793762207,0.32033252716064453,1.4351462860325974,257.5915439651815,7.7270114814784705,606.3521883744949,7.727061366154986,84.6332458545773,312.6780700476467,1.228825245453043,4221320.8590592,2105,210,5,2105,,,,,,,
greedy_policy,20.047619047619047,105,0.6935815811157227,0.32028961181640625,1.4417914593282029,391.423225595922,14.981977457502573,606.3521883744949,14.982027342179087,88.75352131701175,262.99487446222895,1.130295306499477,3569551.975311079,2105,105,5,2105,,,,,,,
proposed,2.0009505703422055,1052,2.209146738052368,0.33646678924560547,0.4526634572412432,135.43349867602012,1.997622465300614,331.24091650788625,1.997622465300614,9.140011935638023,4.488744613050907,0.1714802064982719,49745.53133883295,2105,1052,5,2105,0.976063829787234,1.0,752.0,734.0,1.0,37.0,37.0
proposed,5.0,421,2.3307979106903076,0.33632659912109375,0.4290376250182205,371.39014443073637,17.172448147551755,447.23116606774886,17.172755160721785,35.12223756928682,44.81442410749351,0.4065034627533901,469353.51219138084,2105,421,5,2105,0.5837765957446809,0.5135135135135135,752.0,439.0,0.5135135135135135,37.0,19.0
proposed,10.023809523809524,210,2.071162700653076,0.33645057678222656,0.48282059139278694,631.4924272576367,58.02423749618948,810.7460494414569,58.02423749618948,49.59967960635769,115.78574037297471,0.5570596661573418,1255020.4259456994,2105,210,5,2105,0.4401595744680851,0.4864864864864865,752.0,331.0,0.4864864864864865,37.0,18.0
proposed,20.047619047619047,105,2.2030446529388428,0.33777332305908203,0.4539172633954598,637.8598778857607,59.12141975780997,1141.5379689498432,59.12141975780997,55.07072797287643,161.63794369136494,0.5937532833529727,1753591.87483845,2105,105,5,2105,0.40558510638297873,0.43243243243243246,752.0,305.0,0.43243243243243246,37.0,16.0
dp,126.0,126,3.3549885749816895,0.021536827087402344,0.2980636081616039,1990.2168900644913,721.3495072079594,1990.2168900644913,721.3495072079594,83.96372463178776,1168.467233012258,3.178905707935966,15669374.537080532,252,2,6,252,,,,,,,
dp,5.142857142857143,50,0.9377956390380859,0.013599395751953125,1.066330401179641,147.37132912471267,5.555725731287176,272.73304324457126,5.555725731287176,63.17959513062826,858.4604765657979,2.7946465485295606,12437573.43561794,252,49,6,252,,,,,,,
dp,25.2,25,0.4007985591888428,0.010868072509765625,2.49501894922939,601.1139702921232,19.85726305473242,1302.5921973641107,19.860308863403645,39.45355067557213,340.6640945339219,2.0575419407905113,6175892.564559624,252,10,6,252,,,,,,,
dp,22.90909090909091,12,0.9349014759063721,0.013400077819824219,1.0696314272373095,442.38780078227194,19.043162998652438,1014.8125936368491,19.046208807323662,41.32779263681939,900.7884618458179,2.357279526858948,9776515.763076795,252,11,6,252,,,,,,,
vw,2.0,126,0.3425462245941162,0.009311676025390625,2.9193140318066626,35.807332817847424,0.8839371698014481,43.98938533737919,0.8839371698014481,50.03684144763646,829.4949154678778,2.8863947433232844,11992877.675292768,252,126,6,252,,,,,,,
vw,5.04,50,0.46381640434265137,0.006412506103515625,2.1560255106053448,83.72487590797098,4.799012372595055,125.25928196943676,4.799012372595055,43.90713368955053,961.308121198033,2.887591984374887,12928651.74212104,252,50,6,252,,,,,,,
vw,10.08,25,0.6862311363220215,0.006323814392089844,1.4572349563729778,217.1717799491534,7.339220496689451,299.4753222285752,7.339220496689451,43.8197547522339,1131.4587609566247,2.503012718831932,13545793.23193315,252,25,6,252,,,,,,,
vw,21.0,12,0.4762568473815918,0.006323814392089844,2.09970734383745,352.72527488863767,16.55967385070849,535.0141577858892,16.55967385070849,41.47460032643459,1001.2728504181456,2.486487242833844,12017636.53111922,252,12,6,252,,,,,,,
rw,2.048780487804878,126,0.16097521781921387,0.01717090606689453,6.212136337178733,36.45609709916715,2.835560736492184,41.36550443419565,2.835560736492184,44.663152631421745,845.3972863570656,2.8800247737662903,12503168.497454511,252,123,6,252,,,,,,,
rw,5.04,50,0.13054966926574707,0.009046554565429688,7.659919826869869,72.87571601615744,6.222337606760466,72.87571601615744,6.222337606760466,44.102553908948,894.8843282494008,2.7226343744055983,12791196.095201144,252,50,6,252,,,,,,,
rw,10.08,25,0.08414173126220703,0.007947921752929688,11.884709109249792,551.8046812497544,61.04645237273513,551.8046812497544,61.04645237273513,43.19624727396725,985.2649456964145,2.785704009173441,13424317.219124096,252,25,6,252,,,,,,,
rw,21.0,12,0.015625953674316406,0.0072116851806640625,63.99609398840403,239.5566924364056,29.88567673901076,367.0159665010812,29.88567673901076,41.2041401098762,1051.5060240941286,2.618075589093915,13745558.483440334,252,12,6,252,,,,,,,
squish,2.0,126,0.4677703380584717,0.0208587646484375,2.1378012213228432,35.807332817847424,0.8839371698014481,43.98938533737919,0.8839371698014481,50.03684144763646,829.4949154678778,2.8863947433232844,11992877.675292768,252,126,6,252,,,,,,,
squish,5.04,50,0.611607551574707,0.0197296142578125,1.6350354037083066,83.72487590797098,4.799012372595055,125.25928196943676,4.799012372595055,43.90713368955053,961.308121198033,2.887591984374887,12928651.74212104,252,50,6,252,,,,,,,
squish,10.08,25,0.5950579643249512,0.0197296142578125,1.680508555388256,217.1717799491534,7.339220496689451,299.4753222285752,7.339220496689451,43.8197547522339,1131.4587609566247,2.503012718831932,13545793.23193315,252,25,6,252,,,,,,,
squish,21.0,12,0.6809685230255127,0.0197296142578125,1.4684966576091427,352.72527488863767,16.55967385070849,535.0141577858892,16.55967385070849,41.47460032643459,1001.2728504181456,2.486487242833844,12017636.53111922,252,12,6,252,,,,,,,
greedy_policy,2.0,126,0.10208439826965332,0.04611396789550781,9.795816177105984,208.6252080690745,2.2514688326678836,208.6252080690745,2.2514688326678836,55.521459948421864,791.1887326691556,3.1062744851112556,11807799.635332882,252,126,6,252,,,,,,,
greedy_policy,5.04,50,0.06819486618041992,0.04484081268310547,14.663860434220187,274.4180240234504,8.088671589716165,370.7927181436218,8.088671589716165,56.06371146599477,809.1613073684971,2.8142235472018555,10944378.863291604,252,50,6,252,,,,,,,
greedy_policy,10.08,25,0.06957197189331055,0.04475879669189453,14.373604380992852,352.36504479405755,13.29252916277623,576.7140227387613,13.29252916277623,43.46276280267287,1091.2745480418655,2.3433395311181235,13424227.511797495,252,25,6,252,,,,,,,
greedy_policy,21.0,12,0.06735944747924805,0.04467296600341797,14.845727472869754,393.3509258325397,19.859872946965165,931.917340187452,19.859872946965165,40.69708863725589,942.5147186524102,2.4828089084710236,12406936.81239552,252,12,6,252,,,,,,,
proposed,2.0,126,0.23085761070251465,0.046547889709472656,4.331674389927779,137.47947090319605,3.791050468883452,189.31203231683483,3.791050468883452,6.245374359782554,9.122405157434969,0.5172745216185057,15221.974776517,252,126,6,252,1.0,1.0,65.0,65.0,1.0,0.0,0.0
proposed,5.04,50,0.2346630096435547,0.04660606384277344,4.2614300460859456,329.73634516966877,14.869778685379456,862.5083445348433,14.869778685379456,24.91511965347905,49.36623233130238,1.2548024329998884,119224.0306530306,252,50,6,252,0.7538461538461538,1.0,65.0,49.0,1.0,0.0,0.0
proposed,10.08,25,0.2277357578277588,0.046352386474609375,4.391053954541124,476.6955161160069,71.97596841743183,910.24535821996,71.97596841743183,35.18312113276025,173.87854956181965,1.6950170627660635,685642.3794747612,252,25,6,252,0.7076923076923077,1.0,65.0,46.0,1.0,0.0,0.0
proposed,21.0,12,0.23714590072631836,0.046547889709472656,4.216813349660487,476.6955161160069,54.91374649881741,910.24535821996,54.91374649881741,39.302029745685125,172.98426228642052,1.7145426470894365,801923.3840786215,252,12,6,252,0.8,1.0,65.0,52.0,1.0,0.0,0.0
dp,24.964912280701753,711,22.13209104537964,0.07430458068847656,0.04518325891347546,944.5197383755426,66.81861010946626,1132.5158985449457,66.82973484570698,90.37444478190523,370.57678496973864,1.3661036103808466,3021539.156521242,1423,57,7,1423,,,,,,,
dp,5.01056338028169,284,11.059547185897827,0.050688743591308594,0.09041961512448837,134.92326526597085,1.4077487787748972,134.92326526597085,1.4077487787748972,83.14586182614138,172.26444855202072,0.9296642334225659,1357265.2612732826,1423,284,7,1423,,,,,,,
dp,10.540740740740741,142,10.491309404373169,0.03460979461669922,0.09531698679891784,134.92326526597085,2.8859122779675004,181.4678714519173,2.885955476450996,82.58046248158894,223.73971683848742,0.9210027710905099,1870439.4156421903,1423,135,7,1423,,,,,,,
dp,20.6231884057971,71,9.744498014450073,0.02325725555419922,0.10262201280323567,99.31037386546697,4.419801374417227,181.4678714519173,4.419840858285946,84.75182425163094,389.18751751562877,0.8629124314672408,3220098.112526698,1423,69,7,1423,,,,,,,
vw,2.0014064697609,711,13.771893978118896,0.049327850341796875,0.07261165396631887,19.366809778528292,0.3903210884419698,23.069584056295326,0.3903210884419698,86.16378810832308,221.17075813046748,1.0032157405822273,1839074.7153221506,1423,711,7,1423,,,,,,,
vw,5.01056338028169,284,20.1197407245636,0.048625946044921875,0.04970242975244355,31.478677737538497,1.493893924396339,45.64630238061596,1.493893924396339,89.73582340837321,324.74457751730154,0.9487067085216645,2740001.614683828,1423,284,7,1423,,,,,,,
vw,10.02112676056338,142,21.567384004592896,0.048625946044921875,0.04636630941365186,47.320558416420205,3.445081688956414,60.811415996881685,3.445081688956414,85.88937056054647,437.6753458975556,0.9361465539159367,3627945.557562912,1423,142,7,1423,,,,,,,
vw,20.04225352112676,71,21.22618842124939,0.04958343505859375,0.04711161420761285,75.5659862929974,8.99524707976398,93.78280332183851,8.997398388090343,82.16485654424143,527.1191213989805,0.8937296482307674,4466631.212316041,1423,71,7,1423,,,,,,,
rw,2.0070521861777153,711,2.3260462284088135,0.12741756439208984,0.42991406954283684,20.54550020005667,0.9600292714383315,23.089933337546203,0.9600292714383315,82.054928593123,242.05045168216125,0.9613343899730051,2069651.328701838,1423,709,7,1423,,,,,,,
rw,5.028268551236749,284,0.9391086101531982,0.06183433532714844,1.0648395608223296,64.93092635979461,3.322144791281827,64.93092635979461,3.3222945184834143,86.905531120553,332.91039882870336,0.9091616327235237,2856413.5801984924,1423,283,7,1423,,,,,,,
rw,12.059322033898304,142,0.5430638790130615,0.027360916137695312,1.8414040017121973,80.37113693452832,7.471394737258798,80.37113693452832,7.471884093219553,97.58655362863799,406.7953259946892,0.884194203359103,3472429.3358183056,1423,118,7,1423,,,,,,,
rw,21.238805970149254,71,1.0396027565002441,0.017630577087402344,0.9619058758236038,121.49409923787486,10.972124768879793,121.49409923787486,10.972124768879793,83.9471913092322,385.7559541649142,0.8598674353106784,3410198.1550959633,1423,67,7,1423,,,,,,,
squish,2.0014064697609,711,16.952622413635254,0.13802337646484375,0.058987923850394065,19.366809778528292,0.3903210884419698,23.069584056295326,0.3903210884419698,86.16378810832308,221.17075813046748,1.0032157405822273,1839074.7153221506,1423,711,7,1423,,,,,,,
squish,5.01056338028169,284,21.54414176940918,0.13802337646484375,0.04641633028148346,31.478677737538497,1.493893924396339,45.64630238061596,1.493893924396339,89.73582340837321,324.74457751730154,0.9487067085216645,2740001.614683828,1423,284,7,1423,,,,,,,
squish,10.02112676056338,142,23.20681929588318,0.13802337646484375,0.04309078237953087,47.320558416420205,3.445081688956414,60.811415996881685,3.445081688956414,85.88937056054647,437.6753458975556,0.9361465539159367,3627945.557562912,1423,142,7,1423,,,,,,,
squish,20.04225352112676,71,26.37857151031494,0.13802337646484375,0.03790955850694815,75.5659862929974,8.99524707976398,93.78280332183851,8.997398388090343,82.16485654424143,527.1191213989805,0.8937296482307674,4466631.212316041,1423,71,7,1423,,,,,,,
greedy_policy,2.0014064697609,711,0.3910026550292969,0.2213420867919922,2.557527390511127,64.35010630002466,0.9202861142060269,187.21961076152212,0.9202861142060269,84.44019746328654,113.70150560132866,1.3479753029529538,1106065.9708233976,1423,711,7,1423,,,,,,,
greedy_policy,5.01056338028169,284,0.8343937397003174,0.2213420867919922,1.198474955431907,111.65671794301001,4.1736341427959625,187.21961076152212,4.1736341427959625,85.9478710887941,127.23740500550818,1.4306125577056605,1231249.5201063189,1423,284,7,1423,,,,,,,
greedy_policy,10.02112676056338,142,0.7484004497528076,0.22168540954589844,1.336183055916514,244.33598174937745,7.369557167297439,244.33598174937745,7.369664334032411,82.94748327326347,152.07168734136474,1.3184077314948868,1396291.2202288564,1423,142,7,1423,,,,,,,
greedy_policy,20.04225352112676,71,0.7984445095062256,0.22142791748046875,1.252435188787785,284.38407004639964,10.91028331523873,284.38407004639964,10.910536529206144,88.77668666719521,170.79509404361372,1.1334516914467743,1340602.9311170953,1423,71,7,1423,,,,,,,
proposed,2.0014064697609,711,2.8221497535705566,0.2339029312133789,0.35433980735246584,78.03750124918065,2.0672815107925397,177.5706011342189,2.0672815107925397,12.296878405939678,4.805178440663675,0.279894366500894,34642.574210953,1423,711,7,1423,0.9380952380952381,1.0,630.0,591.0,1.0,26.0,26.0
proposed,5.01056338028169,284,2.4934518337249756,0.23550033569335938,0.4010504580335514,197.92847642982835,13.80133785651714,282.7227403015535,13.80133785651714,53.077428354173044,57.00575703040231,0.7334362032522732,418445.191973359,1423,284,7,1423,0.5222222222222223,0.6923076923076923,630.0,329.0,0.6923076923076923,26.0,18.0
proposed,10.02112676056338,142,2.178206443786621,0.23248004913330078,0.459093307180557,488.4731079121896,50.235618296839576,491.55277343346137,50.23779533050291,70.53219068831608,193.6278933349381,0.973083740438116,1590547.6738263946,1423,142,7,1423,0.25396825396825395,0.3076923076923077,630.0,160.0,0.3076923076923077,26.0,8.0
proposed,20.04225352112676,71,2.9500198364257812,0.23213481903076172,0.33898077146884253,488.4731079121896,50.592568448501645,489.4730133476517,50.59476858138787,72.60137272861958,194.33671731098136,0.9851869903324536,1595431.5998032768,1423,71,7,1423,0.31746031746031744,0.38461538461538464,630.0,200.0,0.38461538461538464,26.0,10.0
dp,28.08695652173913,323,11.644004583358765,0.02838420867919922,0.08588110669667441,499.6268785494185,32.595147659350914,987.689525942276,32.60000499701787,88.54087604962119,214.46236178922663,1.5720846869970762,3590165.3649596693,646,23,8,646,,,,,,,
dp,5.046875,129,5.752035856246948,0.03101348876953125,0.17385148927991448,216.582912285451,2.118135327214176,216.582912285451,2.11817958551776,88.73021285130447,191.51793024494546,1.516208245964571,3006306.768827088,646,128,8,646,,,,,,,
dp,10.59016393442623,64,4.251120328903198,0.02128314971923828,0.23523210886340706,213.80368551180143,2.4811750430546837,213.80368551180143,2.4812316218310255,93.50744151844079,153.88359601507253,1.3470229806742564,2516191.9483032767,646,61,8,646,,,,,,,
dp,20.1875,32,2.5462939739227295,0.01236724853515625,0.3927276309182147,311.2108542124355,4.443924419326123,311.2108542124355,4.443980998102465,84.73679478763657,258.4082925323202,1.20672288717912,2931038.7257370367,646,32,8,646,,,,,,,
vw,2.0,323,4.362606763839722,0.021030426025390625,0.22922075129225172,27.08331270659953,1.0090331116346096,33.87014176405979,1.0090331116346096,72.30787059571,151.24898107071917,1.3033063629323534,2210272.3658328634,646,323,8,646,,,,,,,
vw,5.007751937984496,129,5.156443357467651,0.019008636474609375,0.193932121556573,57.62164542606495,2.3230288943704505,79.71801606219348,2.323225651399172,72.26938792630936,145.68219859292344,1.3800097193926966,2483886.4333865345,646,129,8,646,,,,,,,
vw,10.09375,64,5.903233528137207,0.019008636474609375,0.16939868552270448,91.74249662169308,7.960187362418057,91.74249662169308,7.960305432577663,70.98128232874423,146.35610087400596,1.429189202157756,2429677.6134244082,646,64,8,646,,,,,,,
vw,20.1875,32,4.547898292541504,0.019008636474609375,0.21988178619561202,202.7656611405658,9.996463279877236,211.56423798320247,9.996537091733257,74.9618951821011,243.70602450160806,1.300519844602002,3189650.439117669,646,32,8,646,,,,,,,
rw,2.0062111801242235,323,0.7681365013122559,0.07071685791015625,1.3018519472667125,76.42412350664105,1.6321201947388078,79.71801606219348,1.6321201947388078,74.16191539955722,159.92229251225004,1.368306018161478,2895177.414144228,646,322,8,646,,,,,,,
rw,5.007751937984496,129,0.5210607051849365,0.027019500732421875,1.9191621821589422,76.42412350664105,4.249933980460995,127.05623881916756,4.2501415318156575,65.50977062763621,158.6981108139728,1.3820653265020437,2179663.6804534304,646,129,8,646,,,,,,,
rw,10.59016393442623,64,0.5108156204223633,0.017406463623046875,1.957653525107864,95.54285670890506,8.418363313297345,169.67706792956926,8.418560070326066,65.61733018206458,170.6559517911715,1.416593377089824,2269712.0545996944,646,61,8,646,,,,,,,
rw,20.838709677419356,32,0.3082118034362793,0.010015487670898438,3.2445220749202854,114.47087509507186,12.951913118241976,190.90980453015246,12.951984271567964,69.63463745298316,154.17747390838005,1.360609799922164,1933699.4121723338,646,31,8,646,,,,,,,
squish,2.0,323,4.316861867904663,0.05889129638671875,0.23164975637392454,27.08331270659953,1.0090331116346096,33.87014176405979,1.0090331116346096,72.30787059571,151.24898107071917,1.3033063629323534,2210272.3658328634,646,323,8,646,,,,,,,
squish,5.007751937984496,129,5.816301107406616,0.05889129638671875,0.17193057607120377,57.62164542606495,2.3230288943704505,79.71801606219348,2.323225651399172,72.26938792630936,145.68219859292344,1.3800097193926966,2483886.4333865345,646,129,8,646,,,,,,,
squish,10.09375,64,4.516805171966553,0.05889129638671875,0.22139542484729627,91.74249662169308,7.960187362418057,91.74249662169308,7.960305432577663,70.98128232874423,146.35610087400596,1.429189202157756,2429677.6134244082,646,64,8,646,,,,,,,
squish,20.1875,32,4.397802114486694,0.05889129638671875,0.22738631115436594,202.7656611405658,9.996463279877236,211.56423798320247,9.996537091733257,74.9618951821011,243.70602450160806,1.300519844602002,3189650.439117669,646,32,8,646,,,,,,,
greedy_policy,2.0,323,0.19619989395141602,0.10200977325439453,5.096842714133296,78.7107685307723,1.0056013938858595,78.7107685307723,1.0056013938858595,90.38876431049454,186.5212878599863,1.4773396402876722,3366227.1044522524,646,323,8,646,,,,,,,
greedy_policy,5.007751937984496,129,0.1771543025970459,0.10344982147216797,5.644796571916144,402.56058476168647,11.442954050821031,535.6884672444829,11.44312944393962,93.6065059029605,182.10721585572514,1.5996141022900314,3047222.149385335,646,129,8,646,,,,,,,
greedy_policy,10.09375,64,0.19038009643554688,0.10200977325439453,5.252649928867694,402.56058476168647,17.740206771515428,948.7973446474015,17.75498632955454,92.41957189484886,180.96625943423885,1.5015718490808159,3249053.783012028,646,64,8,646,,,,,,,
greedy_policy,20.1875,32,0.17869091033935547,0.10204887390136719,5.596255557156657,402.56058476168647,23.529811177384552,948.7973446474015,23.544689515277412,88.06451422236016,219.18318071496182,1.5243434610246342,3701638.7593065007,646,32,8,646,,,,,,,
proposed,2.0,323,0.5704998970031738,0.1066141128540039,1.7528486950707316,147.6718979705987,3.7832196412260193,161.19377662484504,3.7832196412260193,15.957674251000567,7.153437848580418,0.33880753704898026,25065.588440070955,646,323,8,646,0.9055944055944056,1.0,286.0,259.0,1.0,8.0,8.0
proposed,5.007751937984496,129,0.5729618072509766,0.10860633850097656,1.7453170304630206,337.6000761566387,16.483045338047223,435.1887878917462,16.483518645027388,41.47996986866014,38.95582300469985,0.7971224582014648,190029.88011521447,646,129,8,646,0.6713286713286714,0.875,286.0,192.0,0.875,8.0,7.0
proposed,10.09375,64,0.629472017288208,0.10696125030517578,1.5886329694337202,370.79441762614704,27.827707373653123,499.6268785494185,27.840786819848923,52.30634827634083,137.0626879606752,1.0866704807185998,775387.3390930607,646,64,8,646,0.5944055944055944,0.875,286.0,170.0,0.875,8.0,7.0
proposed,20.1875,32,0.5733537673950195,0.1069498062133789,1.7441238845318985,425.23321831685627,29.92690286783425,992.6098660980235,29.941507032754775,58.2361837887303,166.42655764526657,1.2681570730097154,2059371.535832491,646,32,8,646,0.6328671328671329,0.875,286.0,181.0,0.875,8.0,7.0
dp,39.09090909090909,215,4.5700109004974365,0.024358749389648438,0.21881785881323654,1244.3288169399298,33.100812492012736,1244.3288169399298,33.10102328236466,95.34089208761853,730.1245479621903,1.3006671012478102,97019665.39540794,430,11,9,430,,,,,,,
dp,5.0588235294117645,86,2.000119686126709,0.024442672729492188,0.49997008025881173,198.71849124121005,2.2056099768480264,278.65934623669216,2.2056099768480264,75.6222873302237,409.62754825864414,1.63314202147072,48348912.99315551,430,85,9,430,,,,,,,
dp,11.025641025641026,43,1.219968318939209,0.012788772583007812,0.8196934170139134,253.73705820527155,4.9610303512218445,278.65934623669216,4.961547663074693,91.53531610343741,360.838355972586,1.4445526557999624,23323997.78375341,430,39,9,430,,,,,,,
dp,22.63157894736842,21,1.1035854816436768,0.013303756713867188,0.9061373284021489,693.6724552149851,9.493412152665053,693.6724552149851,9.493412152665053,96.01980386380345,400.7343519179733,1.5901355968067343,48694696.393284455,430,19,9,430,,,,,,,
vw,2.0,215,0.9393143653869629,0.014163970947265625,1.0646063095053773,22.537259337156836,0.5334065568739583,23.598712934570813,0.5334065568739583,69.43644825529083,680.3924303627995,2.226578817974972,82807573.43689111,430,215,9,430,,,,,,,
vw,5.0,86,1.163975477218628,0.010768890380859375,0.8591246289737523,62.48053180623452,2.037494965948402,62.48053180623452,2.037494965948402,99.71998602098199,438.6219117025363,1.5358767868959176,44009616.073940694,430,86,9,430,,,,,,,
vw,10.0,43,1.234600305557251,0.010768890380859375,0.8099787400819074,168.19451197502488,5.983277038260429,168.19451197502488,5.983277038260429,67.30705376127027,388.33320463537575,1.644982821063451,51496070.29285194,430,43,9,430,,,,,,,
vw,20.476190476190474,21,1.2198700904846191,0.010768890380859375,0.8197594217616475,303.68032305043147,10.400737309238723,303.68032305043147,10.400737309238723,82.96256306505553,422.72978804756144,1.6684191469390484,54675222.841269694,430,21,9,430,,,,,,,
rw,2.037914691943128,215,0.512138843536377,0.027856826782226562,1.9525954975312676,96.37893758920673,3.4326172824832297,96.37893758920673,3.4326172824832297,72.46724517621145,721.330204414952,1.6702737742164198,97091038.99502441,430,211,9,430,,,,,,,
rw,5.0588235294117645,86,0.24402475357055664,0.01913166046142578,4.097944923078726,113.17234011661908,6.990606569740896,113.17234011661908,6.990606569740896,78.39750629374932,707.5662055301848,1.6862223951847617,96035224.14011937,430,85,9,430,,,,,,,
rw,11.025641025641026,43,0.21569299697875977,0.011358261108398438,4.636219135563657,169.11120557650938,13.832950753294938,169.11120557650938,13.832950753294938,79.94627060198134,485.1933900152548,1.6744698533111542,75071622.73591933,430,39,9,430,,,,,,,
rw,21.5,21,0.14223217964172363,0.008198738098144531,7.030757754812971,266.2949080362366,40.76661683013251,295.5088142575973,40.76661683013251,101.93924385138408,665.3818836571562,1.5013148079791274,92428332.88649917,430,20,9,430,,,,,,,
squish,2.0,215,1.3023948669433594,0.03746795654296875,0.7678162939531069,22.537259337156836,0.5334065568739583,23.598712934570813,0.5334065568739583,69.43644825529083,680.3924303627995,2.226578817974972,82807573.43689111,430,215,9,430,,,,,,,
squish,5.0,86,1.6477103233337402,0.03746795654296875,0.6069027946470249,62.48053180623452,2.037494965948402,62.48053180623452,2.037494965948402,99.71998602098199,438.6219117025363,1.5358767868959176,44009616.073940694,430,86,9,430,,,,,,,
squish,10.0,43,1.707742691040039,0.03746795654296875,0.5855683091174503,168.19451197502488,5.983277038260429,168.19451197502488,5.983277038260429,67.30705376127027,388.33320463537575,1.644982821063451,51496070.29285194,430,43,9,430,,,,,,,
squish,20.476190476190474,21,1.7022812366485596,0.03746795654296875,0.587446996695325,303.68032305043147,10.400737309238723,303.68032305043147,10.400737309238723,82.96256306505553,422.72978804756144,1.6684191469390484,54675222.841269694,430,21,9,430,,,,,,,
greedy_policy,2.0,215,0.11854720115661621,0.0707845687866211,8.435458536712904,132.52184238764335,1.3277963304815252,132.52184238764335,1.3277963304815252,96.39110837266084,673.2893981914067,1.7413805425232836,91251363.6164659,430,215,9,430,,,,,,,
greedy_policy,5.0,86,0.1154336929321289,0.07091331481933594,8.662981964788791,143.9137218694034,6.349677092350449,214.4245052085061,6.349761425517764,87.11360529972814,434.54406291749746,1.5599899745576837,39970496.333192445,430,86,9,430,,,,,,,
greedy_policy,10.0,43,0.11485123634338379,0.07074165344238281,8.70691541369382,522.4794484569873,13.587832233966962,522.4794484569873,13.587832233966962,102.63474996310586,644.7056522256573,1.3597245248023342,33809607.23279814,430,43,9,430,,,,,,,
greedy_policy,20.476190476190474,21,0.11414527893066406,0.07082748413085938,8.760765310385162,522.4794484569873,33.092410652086485,815.5870006495784,33.092410652086485,100.71245131832028,1613.218703321978,1.5544483469398942,35346173.73814477,430,21,9,430,,,,,,,
proposed,2.0,215,0.3890528678894043,0.07402992248535156,2.57034475911965,105.72863601921753,1.481720795172195,105.72863601921753,1.481720795172195,20.78741008016483,3.2218445788316794,0.2601802207467233,13375.325640192941,430,215,9,430,0.8556701030927835,0.6666666666666666,194.0,166.0,0.6666666666666666,3.0,2.0
proposed,5.0,86,0.4883096218109131,0.0740060806274414,2.047881006914149,292.3068167216703,16.45407496348018,292.3068167216703,16.45550986914559,45.30837398692599,25.731943735217527,0.6523763210049098,170500.7536197863,430,86,9,430,0.5773195876288659,0.3333333333333333,194.0,112.0,0.3333333333333333,3.0,1.0
proposed,10.0,43,0.484149694442749,0.07396316528320312,2.0654768793172305,315.50801836254914,19.40557042968096,315.50801836254914,19.40557042968096,52.810185852066375,39.220790777635685,1.0973087982956902,546073.052276664,430,43,9,430,0.6391752577319587,1.0,194.0,124.0,1.0,3.0,3.0
proposed,20.476190476190474,21,0.45222926139831543,0.0760507583618164,2.211267791270185,493.1769563622355,28.954940419056033,813.0118749565617,28.954940419056033,60.79665851060201,111.05873005812147,1.4213039918637747,2606923.6422013715,430,21,9,430,0.6597938144329897,0.6666666666666666,194.0,128.0,0.6666666666666666,3.0,2.0
