algorithm,compression_ratio,hausdorff_distance_mean,hausdorff_distance_std,average_pte_mean,average_pte_std,frechet_distance_mean,frechet_distance_std,ped_mean,ped_std,dad_mean,dad_std,sed_mean,sed_std,sad_mean,sad_std,issd_mean,issd_std,turn_preservation_mean,turn_preservation_std,stop_preservation_mean,stop_preservation_std,runtime_seconds_mean,runtime_seconds_std,memory_mb_mean,memory_mb_std,throughput_traj_per_sec_mean,throughput_traj_per_sec_std
at,2.0,42.885876717951795,15.795280680346808,0.3107411278220025,0.10452241501508762,48.741268577389086,19.097688820470616,0.31075696741601805,0.10451905362202765,70.47655782332417,15.535550376059149,511.8044895265336,242.66889847738415,1.525712402605939,0.8172927711739593,19431396.040873498,18530911.97441695,,,,,23.271744688351948,24.42058776883334,0.15556462605794272,0.07818026580858131,0.10325289673822598,0.10162662094498186
at,2.0009505703422055,37.03803795444195,,0.1864559266314561,,37.0780215964906,,0.1864581368630679,,75.86928322838017,,257.72403401422395,,0.783632419285976,,3640042.2173911636,,,,,,105.46282839775085,,0.4094734191894531,,0.009482013854478858,
at,2.0014064697609,20.775988293908455,,0.23465361187727468,,37.706210199695086,,0.23465361187727468,,88.10025676103466,,163.05604062928242,,1.0366464693078619,,1282126.831815555,,,,,,63.285398721694946,,0.2874593734741211,,0.01580143319310697,
at,2.0096153846153846,7.003222461363507,,0.06386214787532189,,8.123017617877098,,0.06389491428053683,,86.01968813491904,,21.770100089179035,,0.4775432747888691,,78199.57973629927,,,,,,5.785521745681763,,0.07485103607177734,,0.17284525820793722,
at,2.013333333333333,74.88700922834394,,0.21343506834575401,,74.97122542187581,,0.21343506834575401,,62.33061075097985,,70.84519588488946,,3.3178896107035887,,127975.19183992199,,,,,,3.169900417327881,,0.07276439666748047,,0.31546732336877836,
at,5.0,160.00514733315575,136.48180689433607,1.4607094847566005,0.8454484781743388,198.80069980252773,82.0177036925316,1.4607103345761008,0.845447276348076,86.35904185174817,14.041698681366768,439.4156111060198,205.25278440109426,1.1349411495845736,0.4445003719737097,8499523.832248058,6169018.733499949,,,,,55.202351450920105,70.57468895171084,0.23040390014648438,0.17204815606850266,0.0991232400558079,0.1267263377547263
at,5.003484320557491,60.1507663626599,,0.8852555536429101,,60.21496428765794,,0.8852555536429101,,88.6510062274982,,399.2980895665796,,0.6904040652731576,,13582332.363055024,,,,,,71.51573157310486,,0.26438331604003906,,0.013982937432133786,
at,5.007751937984496,109.65143055462387,,1.574161399408824,,109.77476794600561,,1.5744586617307803,,89.93458397126521,,178.97040017607594,,1.4375266435909615,,3054391.403052142,,,,,,13.965149164199829,,0.13905906677246094,,0.07160682555139021,
at,5.01056338028169,46.97655160838322,,1.2450045145228592,,66.72293063560618,,1.2450160974466433,,82.38845606484978,,215.74077205975138,,1.0250569837090517,,1836791.5034923914,,,,,,60.34151864051819,,0.25843334197998047,,0.01657233729826148,
at,5.015873015873016,56.36441508846529,,1.0265005458417102,,57.02171979545445,,1.0265005458417102,,51.170079032984425,,528.9896784560649,,0.7816660437593986,,4134236.9772608066,,,,,,26.783661603927612,,0.1368236541748047,,0.037336194534856204,
at,5.016949152542373,86.82044286917827,,1.562507265143902,,147.30763272667795,,1.562507265143902,,83.8797262762364,,723.9421341062339,,1.8249203732454367,,35313222.6513234,,,,,,19.76333451271057,,0.18009567260742188,,0.050598748877972034,
at,5.033333333333333,126.89916764254609,,1.403118058416818,,127.04189667924175,,1.403118058416818,,60.41896088750072,,88.26449979079328,,1.9867713896383097,,116149.04609285893,,,,,,3.099700927734375,,0.06618309020996094,,0.3226117691073239,
at,5.04,128.06960969451603,,3.262393309334772,,141.88432035383696,,3.262393309334772,,47.409421163459385,,951.7875448122778,,2.8068453352972567,,12663319.761711407,,,,,,3.6854090690612793,,0.05869293212890625,,0.27134029934286585,
at,5.097560975609756,23.758257478027076,,0.7304510192197294,,30.56921650166638,,0.7304510192197294,,93.1696574024263,,32.07884260572032,,0.6351751642052559,,86626.71535836771,,,,,,5.885769367218018,,0.07491016387939453,,0.1699013225984868,
at,10.0,303.68032305043147,,5.423803899537847,,304.0166830714585,,5.423803899537847,,96.49499950848109,,1045.7292508449978,,1.5881077211760277,,20779166.558299236,,,,,,5.602058410644531,,0.10208892822265625,,0.17850581459484416,
at,10.02112676056338,80.98384757365737,,3.0260319834334966,,111.8318779424463,,3.0260980782079114,,81.51505008430566,,297.7947498603437,,1.0457332978461702,,2427744.9488817137,,,,,,62.88776087760925,,0.24715328216552734,,0.015901345286345583,
at,10.023809523809524,80.39523724882265,,2.0705424193974005,,149.01877742385832,,2.0706249704743183,,74.8436311820913,,369.9603917645017,,0.7172037307864303,,5300551.404337115,,,,,,109.37043619155884,,0.3459491729736328,,0.009143238655906353,
at,10.031746031746032,131.32314262506256,,2.1268615099428443,,131.475693432726,,2.1268615099428443,,41.34874730461876,,380.4000955505897,,0.793870085782844,,3424596.628653854,,,,,,27.431169509887695,,0.13280582427978516,,0.03645488026456711,
at,10.041958041958042,125.04891550035622,,1.9116349414229712,,125.18261306759591,,1.9116349414229712,,93.32637914774752,,455.32019558075086,,0.711342884897815,,13393436.640910203,,,,,,73.23783421516418,,0.2453765869140625,,0.013654144892680974,
at,10.066666666666666,306.45918562157766,,3.540505970303529,,306.8038877778358,,3.540505970303529,,83.96039432476134,,158.18696318562027,,3.4624466123734776,,174600.5067121695,,,,,,3.0875282287597656,,0.06735038757324219,,0.32388367843415367,
at,10.08,208.6252080690745,,11.313581098339032,,358.0161848030512,,11.313581098339032,,42.84973938014905,,790.4220461211235,,2.3487637554300025,,10166431.768259775,,,,,,3.0955049991607666,,0.05762004852294922,,0.32304906639501907,
at,10.090909090909092,211.54749386673996,,3.7766256251946646,,352.53362411930283,,3.7766256251946646,,72.74233468984511,,683.328640196899,,1.845623450642796,,34294717.895170465,,,,,,19.33755922317505,,0.1784210205078125,,0.05171283451334192,
at,10.09375,159.23344455790783,,3.731724922297383,,159.41257919367413,,3.731766960561135,,81.47650639736842,,128.5710267826207,,1.3917148585399668,,2692604.3012670833,,,,,,14.292523622512817,,0.1339569091796875,,0.06996665014601436,
at,10.45,31.978612650784196,,1.8137450564329696,,36.61326370214197,,1.8137450564329696,,100.9219439991816,,77.66125562024351,,0.5283537589633694,,141415.6685846236,,,,,,5.851510286331177,,0.07579898834228516,,0.17089605094533422,
dp,2.0,368.26053303696585,379.66733462973895,24.691717407641754,38.73114262671216,566.5648217572164,675.4592898370307,24.691785985790332,38.73112279078006,68.28297824654922,15.663793195253142,377.18172963189136,132.70575034840738,1.365654525013332,0.474518136652796,20170872.171156622,22101977.91297068,,,,,7.335257911682129,4.74761389874077,0.09335002899169922,0.03519895029336909,0.1923027934085365,0.11457178813458706
dp,2.0009505703422055,515.5569767372347,,2.4302463095044686,,1595.8215381542034,,2.4302747049599907,,76.69982266323468,,397.13416228230153,,0.838022396317576,,5977817.814192558,,,,,,19.080973625183105,,0.18209552764892578,,0.0524082271504321,
dp,2.0014064697609,45.056244452879156,,1.3468370823359956,,148.04259083275198,,1.3468500791397071,,90.8919536779445,,366.0877701615346,,1.131622269497832,,3028336.3838643054,,,,,,11.791898965835571,,0.13888835906982422,,0.08480398304779235,
dp,2.0096153846153846,244.76078152282318,,2.7972453730264313,,245.03435159005397,,2.7972453730264313,,82.70907295645958,,24.337074996314048,,0.473238381699572,,93114.32549609058,,,,,,1.0515048503875732,,0.03681755065917969,,0.9510179621438845,
dp,2.013333333333333,32.47171298017787,,1.0769851618411477,,42.0914088714131,,1.0774263882479802,,74.95864337978995,,191.40798856587438,,3.852252173933965,,280982.45420146,,,,,,0.7087090015411377,,0.02227783203125,,1.4110163661325446,
dp,5.0,187.805201686158,27.73370335697498,1.5490644175341575,0.3954977682203979,251.75590390480056,62.38211556301209,1.5490644175341575,0.3954977682203979,81.64513156798262,9.444109700569934,336.87125179845935,107.41402078152854,1.2298054067781106,0.5969700476446587,26221319.845876943,31732904.574810345,,,,,6.710167288780212,7.730905890922691,0.06588077545166016,0.039004379485921774,0.44312323208296134,0.5105303426701314
dp,5.003484320557491,127.95226176714507,,0.9446865612122209,,128.08284581124133,,0.9446865612122209,,82.9842028458929,,376.6655275287633,,0.7034158632191504,,13018780.757803038,,,,,,6.49111533164978,,0.06622791290283203,,0.15405672968467196,
dp,5.007751937984496,216.582912285451,,1.681383276799937,,216.82663065593084,,1.6814275351035213,,85.60963074033239,,214.54604337396287,,1.5089054805764146,,3288074.6695595738,,,,,,2.1344411373138428,,0.05178642272949219,,0.468506712374595,
dp,5.01056338028169,134.92326526597085,,1.4077487787748972,,135.07168077382948,,1.4077487787748972,,83.14586182614138,,172.26444855202072,,0.9296642334225659,,1357265.2612732826,,,,,,6.457605838775635,,0.05096435546875,,0.1548561533432955,
dp,5.015873015873016,101.68943237443321,,0.9794262364685122,,101.80775223249155,,0.9794262364685122,,38.529819163449694,,288.60387599975206,,0.7847324962185575,,3150796.3049145225,,,,,,1.684828519821167,,0.053206443786621094,,0.5935322130623377,
dp,5.016949152542373,111.7114687145887,,1.6802998587708762,,111.83712579478511,,1.6803414431632748,,86.985597248341,,716.5266828865734,,1.819280748410718,,35139557.48826649,,,,,,5.963716983795166,,0.08430957794189453,,0.1676806600174417,
dp,5.033333333333333,103.43944056609408,,1.2821422519309136,,115.63536683854717,,1.2821422519309136,,70.03502277780628,,67.81545930433002,,1.793792623791083,,123993.13936491912,,,,,,0.21643900871276855,,0.014651298522949219,,4.620239234818701,
dp,5.04,147.37132912471267,,5.324136799318339,,273.03979841281114,,5.324136799318339,,62.30737110021066,,852.4334878612103,,2.7814631217948604,,12369580.971823698,,,,,,0.5666038990020752,,0.01929187774658203,,1.7649013742426392,
dp,5.097560975609756,244.026163203135,,3.4106765844745697,,244.29941182215728,,3.4106765844745697,,93.15406526384962,,27.44453677676869,,0.5195947487304612,,96837.23326363167,,,,,,0.3636949062347412,,0.020687103271484375,,2.7495573428640916,
dp,7.2,1985.5761263455233,,713.1355892493748,,1987.8052110869637,,713.1355892493748,,58.72834251354921,,870.2947615188023,,3.1975475986785913,,13569667.213486543,,,,,,1.5514130592346191,,0.01996612548828125,,0.6445736640204281,
dp,10.0,253.73705820527155,,4.376526689603237,,254.01743807905504,,4.376666239231195,,95.61403978457662,,585.1389476842816,,1.3582768293714176,,12134024.497227222,,,,,,0.7796530723571777,,0.032668113708496094,,1.2826217653149656,
dp,10.02112676056338,86.19169781104263,,2.5549979416741717,,102.52639730236925,,2.555041140157668,,85.00216370040572,,270.8067390945691,,1.0139094279063194,,2254294.1918873247,,,,,,5.271211862564087,,0.10580730438232422,,0.18970969600026052,
dp,10.023809523809524,176.74288808948828,,1.7326014457461016,,196.08708554481146,,1.7326014457461016,,79.09766763909377,,317.5165681859075,,0.779010107743455,,4343619.2184210885,,,,,,9.824204683303833,,0.14516258239746094,,0.10178941015953108,
dp,10.031746031746032,101.68943237443321,,1.8790746020022058,,101.80755361076847,,1.8790746020022058,,40.354028762485946,,376.70923557295725,,0.7759709385016735,,3413782.8770719767,,,,,,2.2588112354278564,,0.04752349853515625,,0.442710742852571,
dp,10.041958041958042,113.18258460205779,,1.421794052565107,,155.50561717100317,,1.4218125053980522,,95.50857894263281,,432.03686163406644,,0.739681025017782,,13167811.915037481,,,,,,5.5484020709991455,,0.10259628295898438,,0.1802320717214933,
dp,10.066666666666666,221.11661750048708,,3.9950476841174556,,221.36541518249712,,3.9950476841174556,,66.37999307349297,,334.65161206660514,,2.8622623875193396,,372227.1894478863,,,,,,0.14041471481323242,,0.015116691589355469,,7.121760716674987,
dp,10.08,601.1139702921232,,14.007366921542342,,1304.057130489664,,14.007366921542342,,78.09259946088667,,558.2208750372928,,3.38772159695755,,4713819.904509507,,,,,,0.23858880996704102,,0.01643657684326172,,4.191311403657789,
dp,10.090909090909092,309.9270792926337,,2.6649478901835284,,395.16064746099687,,2.6649478901835284,,71.6434429767582,,668.8301237589948,,1.8609951076070421,,34177480.29791911,,,,,,1.9613044261932373,,0.06478691101074219,,0.5098647546219707,
dp,10.09375,213.80368551180143,,2.453030147781566,,214.04417319126009,,2.453086726557908,,92.66716115419734,,175.1319979764194,,1.3353844581444176,,2645413.6264312933,,,,,,1.3858678340911865,,0.046042442321777344,,0.721569528782499,
dp,10.45,84.67461783984295,,1.5119014484891418,,71.89385279265527,,1.5119014484891418,,101.17282263869312,,27.406479183213726,,0.4540257190920993,,90140.18421370782,,,,,,0.2946321964263916,,0.020646095275878906,,3.3940621973058245,
greedy_policy,2.0,134.37612040985155,67.79290163881284,1.0723882269859788,0.6594163789874884,134.52230926774794,67.86340881629458,1.0723882269859788,0.6594163789874884,78.9247058077142,20.46971796362145,555.8744137460736,219.02641642481996,1.6385160457191006,0.8522140431352007,26666910.257021636,33729380.45184845,,,,,0.12642093499501547,0.0712779708742095,0.11432456970214844,0.06303737213986674,10.198557811591309,5.5911702403864405
greedy_policy,2.0009505703422055,63.497936169577805,,0.7555026815513933,,133.67090791905323,,0.7555026815513933,,73.09872223608437,,210.3609183092567,,0.9753220046295383,,2892463.2711845404,,,,,,0.3619232177734375,,0.32118892669677734,,2.7630169905982545,
greedy_policy,2.0014064697609,64.35010630002466,,0.9202861142060269,,187.43043216730118,,0.9202861142060269,,84.44019746328654,,113.70150560132866,,1.3479753029529538,,1106065.9708233976,,,,,,0.24773621559143066,,0.22211265563964844,,4.036551529669006,
greedy_policy,2.0096153846153846,16.77487812295244,,0.23421396221089713,,26.693142511641692,,0.23421396221089713,,85.791197194171,,16.898601804355074,,0.5472855615594386,,64004.42532935605,,,,,,0.03637099266052246,,0.03867340087890625,,27.494437925677314,
greedy_policy,2.013333333333333,78.89684051413582,,0.501598035053253,,80.47297158916415,,0.501598035053253,,67.42744977798858,,89.0557483756932,,3.046664454675745,,151863.9214133098,,,,,,0.026125431060791016,,0.03022289276123047,,38.27688039569987,
greedy_policy,5.0,177.47942013593732,47.46906571905537,5.8271522497255255,0.738961719117034,298.2389958445142,118.167368357885,5.827196484801811,0.7390184263811933,84.42540852311294,3.8016843398168585,342.85728786630284,129.66468076765054,1.3726533976029254,0.2649339278579704,21652458.245330248,25905617.899921637,,,,,0.21728754043579102,0.20176977646359703,0.1956615447998047,0.17639905953397927,8.09012873216513,7.5123657002001165
greedy_policy,5.003484320557491,363.19426668139886,,4.787421606431133,,371.25536857165275,,4.787421606431133,,92.17583450416929,,468.54393663321633,,0.8545541808244577,,13644610.822500223,,,,,,0.24470114707946777,,0.22346019744873047,,4.086617541172562,
greedy_policy,5.007751937984496,402.56058476168647,,11.442954050821031,,536.2940120005395,,11.44312944393962,,93.6065059029605,,182.10721585572514,,1.5996141022900314,,3047222.149385335,,,,,,0.11080121994018555,,0.10223674774169922,,9.025171388364097,
greedy_policy,5.01056338028169,111.65671794301001,,4.1736341427959625,,187.43045635226304,,4.1736341427959625,,85.9478710887941,,127.23740500550818,,1.4306125577056605,,1231249.5201063189,,,,,,0.24836325645446777,,0.22153282165527344,,4.026360478098052,
greedy_policy,5.015873015873016,165.68970333387804,,2.538501131201611,,165.88244804047127,,2.538501131201611,,50.23825724486804,,223.56665583650107,,1.1436038916907947,,2930148.800647876,,,,,,0.11148524284362793,,0.10008525848388672,,8.969797028676036,
greedy_policy,5.016949152542373,555.5679169919706,,10.098571511456113,,556.1326584606901,,10.098571511456113,,72.07288413325561,,701.1792105560737,,1.8991937825854444,,34439698.688821875,,,,,,0.1560502052307129,,0.14410877227783203,,6.408194071398669,
greedy_policy,5.033333333333333,134.0340635926558,,2.414031373932251,,140.15198383659964,,2.414031373932251,,77.39441496954751,,122.07132580309398,,2.941656772950757,,186477.3303123748,,,,,,0.026488780975341797,,0.03022289276123047,,37.751831650195314,
greedy_policy,5.04,274.4180240234504,,8.088671589716165,,371.2096190683519,,8.088671589716165,,56.06371146599477,,809.1613073684971,,2.8142235472018555,,10944378.863291604,,,,,,0.046625614166259766,,0.04535198211669922,,21.44743866395312,
greedy_policy,5.097560975609756,71.81411155551339,,1.7515746395788396,,71.8938598317185,,1.7515746395788396,,81.22232054584875,,18.26778790181066,,0.5329865886717483,,68193.67884753994,,,,,,0.036434173583984375,,0.03867340087890625,,27.446759501622868,
greedy_policy,10.0,522.4794484569873,,13.587832233966962,,523.0762686889626,,13.587832233966962,,102.63474996310586,,644.7056522256573,,1.3597245248023342,,33809607.23279814,,,,,,0.07281327247619629,,0.07088947296142578,,13.733759876359278,
greedy_policy,10.02112676056338,244.33598174937745,,7.369557167297439,,244.59943109316305,,7.369664334032411,,82.94748327326347,,152.07168734136474,,1.3184077314948868,,1396291.2202288564,,,,,,0.26696228981018066,,0.22170448303222656,,3.7458474030584403,
greedy_policy,10.023809523809524,257.5915439651815,,7.7270114814784705,,607.0290838988033,,7.727061366154986,,84.6332458545773,,312.6780700476467,,1.228825245453043,,4221320.8590592,,,,,,0.37992215156555176,,0.32039451599121094,,2.6321181744188453,
greedy_policy,10.031746031746032,372.86981957147543,,4.274887478595527,,373.3038309937546,,4.274887478595527,,56.826110657284346,,288.1783219891047,,1.1475191271555307,,3079853.8365495736,,,,,,0.10980796813964844,,0.10008525848388672,,9.10680724670407,
greedy_policy,10.041958041958042,363.19426668139886,,9.811057740787,,371.63109182348865,,9.811092234396625,,82.06009810654302,,476.0038366922046,,0.8699671760633156,,13904035.054228168,,,,,,0.24360918998718262,,0.22354602813720703,,4.104935450311273,
greedy_policy,10.066666666666666,139.99451640023926,,5.22696492877442,,140.15198383659757,,5.227072603790891,,64.70999504284842,,136.72241642814643,,3.320298214083976,,170809.83826982914,,,,,,0.02615642547607422,,0.03030872344970703,,38.23152368104422,
greedy_policy,10.08,352.36504479405755,,13.29252916277623,,577.3624073121894,,13.29252916277623,,43.46276280267287,,1091.2745480418655,,2.3433395311181235,,13424227.511797495,,,,,,0.047342538833618164,,0.04486370086669922,,21.122652579204207,
greedy_policy,10.090909090909092,763.5703198793965,,37.348586709085296,,1120.0372445465462,,37.34892202194282,,102.50206151616892,,717.7148053479111,,1.9167820861406892,,35010267.210155234,,,,,,0.15618681907653809,,0.1441516876220703,,6.40258893748235,
greedy_policy,10.09375,402.56058476168647,,17.740206771515428,,949.8643508711709,,17.75498632955454,,92.41957189484886,,180.96625943423885,,1.5015718490808159,,3249053.783012028,,,,,,0.10990715026855469,,0.10211467742919922,,9.09858910504486,
greedy_policy,10.45,71.81411155551339,,4.859584989302418,,71.89385925157441,,4.859712972644812,,86.7137518767639,,47.34702082440479,,0.6980791191256686,,94761.22132638292,,,,,,0.03628945350646973,,0.03863048553466797,,27.55621546689092,
original,1.0,0.0,0.0,0.0,0.0,0.0,0.0,0.0,0.0,73.3816287294875,15.170646059480902,388.2538522242257,296.8630094927302,1.4327207834501297,0.9165333433555681,17976863.563327488,31998603.162712228,,,,,0.0007167339324951171,0.0003455759938978202,0.0063433965047200525,0.0002570373267861062,1523.5255753416777,303.7408964467948
proposed,2.0,194.65886959423085,119.23237202761533,2.356212762045896,1.2730013321565126,205.99397270339648,115.39641263820216,2.356212762045896,1.2730013321565126,11.200955893817822,6.072225486919979,4.673585424799737,2.9169994785918,0.2780413847420938,0.1334850660364838,24152.253997014897,25279.023229859547,0.9354517155502607,0.06020354054668431,0.9444444444444445,0.13608276348795434,0.39866340160369873,0.21916611884745169,0.12123870849609375,0.06718302814482506,3.2340310412038957,1.8403844593147065
proposed,2.0009505703422055,135.43349867602012,,1.997622465300614,,331.59751541613736,,1.997622465300614,,9.140011935638023,,4.488744613050907,,0.1714802064982719,,49745.53133883295,,0.976063829787234,,1.0,,1.2801055908203125,,0.33651256561279297,,0.7811855577938565,
proposed,2.0014064697609,78.03750124918065,,2.0672815107925397,,177.77050403014516,,2.0672815107925397,,12.296878405939678,,4.805178440663675,,0.279894366500894,,34642.574210953,,0.9380952380952381,,1.0,,0.7814626693725586,,0.23249435424804688,,1.2796516573247272,
proposed,2.0096153846153846,34.19337297397988,,6.869454955304003,,66.27707767227373,,6.869454955304003,,30.623482005658982,,13.615064312157504,,0.2762901447495268,,15282.485842042468,,0.6814159292035398,,0.5,,0.11873221397399902,,0.039818763732910156,,8.422314101032331,
proposed,2.013333333333333,88.95819957380326,,1.615628472522427,,110.02340385374525,,1.615628472522427,,20.623016198579617,,11.619530485143098,,0.8636269041176742,,13180.881222274948,,0.8153846153846154,,1.0,,0.08746123313903809,,0.030836105346679688,,11.43363709965407,
proposed,5.0,331.8484805762033,55.92035730187858,16.813261555515968,0.5079665498795817,370.1756515255468,109.66221578065971,16.81413251493369,0.5071690094476509,40.215305778106405,7.2026861350039075,35.27318392135552,13.49335127309554,0.52943989187915,0.17385836537936838,319927.1329055836,211320.81216228064,0.5805480916867733,0.004565794224869288,0.42342342342342343,0.1274066272408194,0.7262262105941772,0.6883964464334094,0.20511579513549805,0.1856100003949441,2.500265174630023,2.3700241553500265
proposed,5.003484320557491,765.1863394068379,,29.521785264759007,,811.8008198751786,,29.52182209589612,,48.59964445641508,,107.2207361360306,,0.49877978879394536,,2508175.9220814845,,0.4532871972318339,,0.37037037037037035,,0.7909836769104004,,0.2336864471435547,,1.2642485922162414,
proposed,5.007751937984496,337.6000761566387,,16.483045338047223,,435.6781458350385,,16.483518645027388,,41.47996986866014,,38.95582300469985,,0.7971224582014648,,190029.88011521447,,0.6713286713286714,,0.875,,0.35143351554870605,,0.10721969604492188,,2.8454884231478696,
proposed,5.01056338028169,197.92847642982835,,13.80133785651714,,283.0407238070141,,13.80133785651714,,53.077428354173044,,57.00575703040231,,0.7334362032522732,,418445.191973359,,0.5222222222222223,,0.6923076923076923,,0.7754461765289307,,0.23430919647216797,,1.2895801543264063,
proposed,5.015873015873016,366.43484622399006,,3.499640617230007,,366.86167618068686,,3.499640617230007,,15.587991738736607,,6.387062246488171,,0.2863266415436911,,20633.791738773067,,0.5876777251184834,,1.0,,0.35904550552368164,,0.10488605499267578,,2.785162283375367,
proposed,5.016949152542373,536.572792636566,,13.092771834887008,,537.1190744643136,,13.092771834887008,,28.01835493749087,,33.33083876442846,,0.584599755901124,,553241.139847254,,0.7830882352941176,,0.9,,0.5155506134033203,,0.1507110595703125,,1.9396737662645165,
proposed,5.033333333333333,272.2705230196481,,11.59824713418293,,272.57677296973486,,11.59824713418293,,48.831194427518554,,159.1391952719486,,1.9935476007972923,,135169.76628128364,,0.4461538461538462,,0.5,,0.08806920051574707,,0.03097248077392578,,11.35470736811329,
proposed,5.04,329.73634516966877,,14.869778685379456,,863.4786212631417,,14.869778685379456,,24.91511965347905,,49.36623233130238,,1.2548024329998884,,119224.0306530306,,0.7538461538461538,,1.0,,0.166642427444458,,0.05012798309326172,,6.000872738926589,
proposed,5.097560975609756,58.14289891010969,,7.329851674508025,,72.68093720427501,,7.329851674508025,,58.57686232373432,,20.75069778717171,,0.361417886804419,,23026.23507048279,,0.6637168141592921,,0.5,,0.12063479423522949,,0.039600372314453125,,8.289482369821673,
proposed,10.0,315.50801836254914,,19.40557042968096,,315.85912144730094,,19.40557042968096,,52.810185852066375,,39.220790777635685,,1.0973087982956902,,546073.052276664,,0.6391752577319587,,1.0,,0.23967647552490234,,0.07378768920898438,,4.172290992722397,
proposed,10.02112676056338,488.4731079121896,,50.235618296839576,,492.0669660723811,,50.23779533050291,,70.53219068831608,,193.6278933349381,,0.973083740438116,,1590547.6738263946,,0.25396825396825395,,0.3076923076923077,,0.7865991592407227,,0.23188209533691406,,1.2712955362999192,
proposed,10.023809523809524,631.4924272576367,,58.02423749618948,,811.660182795709,,58.02423749618948,,49.59967960635769,,115.78574037297471,,0.5570596661573418,,1255020.4259456994,,0.4401595744680851,,0.4864864864864865,,1.1564011573791504,,0.33583831787109375,,0.8647518152492898,
proposed,10.031746031746032,462.3620608785908,,36.14362540525516,,462.8994411070588,,36.14362540525516,,26.70326726312772,,49.256006754139456,,0.46521623098754666,,260474.2755773908,,0.5260663507109005,,0.875,,0.3613870143890381,,0.10468864440917969,,2.7671165819020995,
proposed,10.041958041958042,988.4826728241228,,91.95246293329947,,1011.9704372974095,,91.95246293329947,,61.90425261153927,,316.26556883591365,,0.7809189318245559,,9753788.03940826,,0.2750865051903114,,0.18518518518518517,,0.7967939376831055,,0.2352161407470703,,1.2550296290001544,
proposed,10.066666666666666,272.2705230196481,,11.691584445876815,,272.5767715468894,,11.691584445876815,,54.1835138029309,,159.3096888834563,,2.0102466841707876,,135373.75593366954,,0.6307692307692307,,0.75,,0.08777451515197754,,0.031198501586914062,,11.392828525096903,
proposed,10.08,476.6955161160069,,71.97596841743183,,911.257539728049,,71.97596841743183,,35.18312113276025,,173.87854956181965,,1.6950170627660635,,685642.3794747612,,0.7076923076923077,,1.0,,0.17230820655822754,,0.04625511169433594,,5.803554107923892,
proposed,10.090909090909092,615.6920716855178,,38.67362731434072,,620.0047990032674,,38.67362731434072,,41.31728325343835,,58.283308791680064,,0.7842802152979857,,983854.3129830784,,0.7132352941176471,,0.6,,0.49919605255126953,,0.15018939971923828,,2.003220968774179,
proposed,10.09375,370.79441762614704,,27.827707373653123,,500.19130016261846,,27.840786819848923,,52.30634827634083,,137.0626879606752,,1.0866704807185998,,775387.3390930607,,0.5944055944055944,,0.875,,0.35193610191345215,,0.1073465347290039,,2.84142489094773,
proposed,10.45,58.14289891010969,,9.579033050319287,,62.54254196140032,,9.579033050319287,,72.88834085071174,,22.61655899587926,,0.399156205275366,,24680.449073829455,,0.504424778761062,,0.6666666666666666,,0.11883115768432617,,0.03974437713623047,,8.415301335837276,
rl_dqn,2.0,365.57239504584663,344.03144776727964,14.223168354571131,20.751928277116168,513.1447539421862,464.30349246758124,14.223168354571131,20.751928277116168,71.23906143237514,18.43832500439086,599.827824048608,206.9439495303806,1.7492163739011513,0.5996614381310506,19647333.868613083,21276648.087153874,,,,,0.14982267220815024,0.08577442864163859,0.10938707987467448,0.066731196631577,8.753069493830731,4.9435303723391915
rl_dqn,2.0009505703422055,50.09441217104947,,3.4050685156779688,,788.1110240471063,,3.405117326762583,,88.6542423730872,,555.08484922814,,0.8661531428332313,,8934410.982557986,,,,,,0.4368703365325928,,0.27179908752441406,,2.2890086974934607,
rl_dqn,2.0014064697609,123.1997504304923,,8.046361809644909,,188.74255207837444,,8.047004280827675,,85.38724915568118,,354.2878848225492,,1.1261383950538586,,2960071.0691283625,,,,,,0.29254603385925293,,0.19036388397216797,,3.4182654497415297,
rl_dqn,2.0096153846153846,23.758257478027076,,1.12860229011174,,35.96914466572567,,1.12860229011174,,89.78509065425766,,35.842361495324695,,0.5630545168132157,,92585.88357341514,,,,,,0.042104244232177734,,0.033461570739746094,,23.750574751695943,
rl_dqn,2.013333333333333,306.15918955175067,,2.7011095646369494,,306.50359416804866,,2.7011095646369494,,78.8982868474331,,705.1568744756289,,5.018045675614369,,741865.323530426,,,,,,0.029813051223754883,,0.02642822265625,,33.542356751569436,
rl_dqn,5.0,160.66423808949418,23.688807215202903,7.353971611341159,0.8489227203034552,528.5771005098663,367.03935961090093,7.354924482157859,0.8502012538377678,89.61424458007363,8.505217592821424,875.6700047791066,82.62726852061338,1.3569033030164377,0.3695665433863499,52981683.83028645,55946622.11374485,,,,,0.2653995752334595,0.25225613759564464,0.16617250442504883,0.14937854636625106,6.872012824412785,6.531688722821887
rl_dqn,5.003484320557491,394.9642456078731,,30.922888684416733,,484.4762116584063,,30.922888684416733,,73.34068263535778,,576.8285288325304,,0.9832711191590112,,9572850.856856555,,,,,,0.2944369316101074,,0.19018077850341797,,3.396313072995195,
rl_dqn,5.007751937984496,506.26466601288354,,27.58457661627965,,665.7353168149161,,27.586627507287265,,96.20186134919626,,298.7739914887227,,1.6930091908975506,,4672756.698532577,,,,,,0.13261938095092773,,0.0871572494506836,,7.540376020681497,
rl_dqn,5.01056338028169,166.03778277565294,,31.358486918215497,,329.75058360126775,,31.358486918215497,,85.18196715000002,,789.9180151191805,,1.145327565352909,,6309277.521406951,,,,,,0.2979426383972168,,0.18859386444091797,,3.356350757244759,
rl_dqn,5.015873015873016,977.4396036509618,,257.8401213706149,,989.0348144252823,,257.8401213706149,,100.77043210874153,,902.5015985525041,,1.6026984161858506,,4980773.487053868,,,,,,0.13094210624694824,,0.0852508544921875,,7.636962843060317,
rl_dqn,5.016949152542373,878.5362556323407,,66.58899566135767,,1369.5883210132893,,66.58927797205419,,70.35117900330494,,869.8805880123878,,1.9312219588839958,,24429306.77370622,,,,,,0.18739104270935059,,0.12345314025878906,,5.336434364960717,
rl_dqn,5.033333333333333,306.3868601959094,,5.93027596354921,,306.73150574713657,,5.93027596354921,,78.92364227269675,,753.3113374141587,,4.664815058125983,,908164.4078916801,,,,,,0.031404972076416016,,0.026381492614746094,,31.84209167792776,
rl_dqn,5.04,743.073303805042,,107.82856918399105,,1034.574121455881,,107.82856918399105,,98.18760817809967,,898.229813558979,,3.6120863324456467,,11743232.866788423,,,,,,0.057047367095947266,,0.038710594177246094,,17.529292777318055,
rl_dqn,5.097560975609756,23.758257478027076,,1.0751938666116598,,36.61326217002961,,1.0751938666116598,,93.67294232385655,,38.2296417534596,,0.6209949609860745,,99856.37178668291,,,,,,0.0439150333404541,,0.033461570739746094,,22.771245378488867,
rl_dqn,10.0,1242.1590129634963,,39.944561619700124,,1243.5905522098215,,39.944561619700124,,107.90994126230012,,3894.691281993982,,2.294405015044726,,132980161.57977462,,,,,,0.08489584922790527,,0.0636444091796875,,11.7791388989522,
rl_dqn,10.02112676056338,411.3373235023243,,52.61257505467592,,433.38272083613384,,52.61264506099564,,82.07773415993022,,1141.3329208220796,,1.338605386868415,,8919010.463430608,,,,,,0.29930543899536133,,0.18859386444091797,,3.341068586513385,
rl_dqn,10.023809523809524,214.92411384356532,,8.48791855686665,,788.1103366181015,,8.487920994212905,,85.07300304667866,,856.9107116007987,,1.1271962646484952,,12015305.886524014,,,,,,0.5150778293609619,,0.27179908752441406,,1.941454170606922,
rl_dqn,10.031746031746032,991.9031139485039,,364.57540388159134,,1069.6897754305678,,364.57540388159134,,107.63327217296653,,831.5873682156736,,1.6669439915557778,,4385472.402049813,,,,,,0.1323552131652832,,0.0852041244506836,,7.555425858074929,
rl_dqn,10.041958041958042,330.8750951278447,,16.994365501768456,,398.3740617913905,,16.994365501768456,,71.67654356492321,,412.2516627509321,,1.0008772752319173,,6251232.195706326,,,,,,0.29743123054504395,,0.19013404846191406,,3.3621217185817907,
rl_dqn,10.066666666666666,306.3868601959094,,5.427324940583629,,306.73148666581517,,5.427324940583629,,66.92956543423992,,521.2507076061813,,2.417085942241667,,526233.2506153112,,,,,,0.03136157989501953,,0.027008056640625,,31.886148700015205,
rl_dqn,10.08,1330.196148370363,,313.98619425882185,,1331.6864932346193,,313.98619425882185,,68.36835127979309,,762.2910532231533,,3.3530093490912805,,13209835.41932022,,,,,,0.051912784576416016,,0.038710594177246094,,19.26307764377371,
rl_dqn,10.090909090909092,878.5362556323407,,71.10745230928758,,1371.2955961867353,,71.10747117119637,,71.5641001981952,,971.1823385212739,,1.9290252450241656,,26202910.471910432,,,,,,0.1879265308380127,,0.12328624725341797,,5.321228437202257,
rl_dqn,10.09375,513.1710760723399,,37.14163623358164,,665.7353194220705,,37.143687124589256,,95.81531943963915,,215.31339944349537,,1.6607846951560468,,3590959.417577998,,,,,,0.13279938697814941,,0.0874929428100586,,7.530155242091127,
rl_dqn,10.45,37.249281788627464,,3.505879804682165,,70.92170367263584,,3.505879804682165,,93.04719699815031,,68.30521399967512,,0.48687020079006527,,115247.40732561646,,,,,,0.04224848747253418,,0.03350830078125,,23.669486408243653,
rw,2.0,37.65997755087488,31.884164058505203,1.3229450496795891,0.696711729942049,40.973958368909564,30.812281868532427,1.3229450496795891,0.696711729942049,71.97292243860672,19.840758225048493,567.620291648851,244.0725601371321,1.795763703299033,0.7595930822284024,28391310.58258314,35968945.18049766,,,,,0.3692516088485718,0.1784327969725594,0.07151047388712566,0.04178655617710184,3.5495811952353122,2.4509546664897597
rw,2.0009505703422055,9.2070418766651,,0.5706408114746285,,16.027058721882174,,0.5706418409523087,,81.30620438367124,,355.74579719022506,,0.7022163407140382,,5062074.055817734,,,,,,1.226388931274414,,0.2364044189453125,,0.8154020103237887,
rw,2.0014064697609,20.54550020005667,,0.9531506414979961,,20.74793728120435,,0.9531506414979961,,81.13558935696408,,241.81804756188163,,0.9591211109363602,,2066224.7155055203,,,,,,1.0945978164672852,,0.14287376403808594,,0.9135775578535402,
rw,2.0096153846153846,5.46215352956426,,0.5506043865778353,,5.468306055861267,,0.5506043865778353,,90.44428578067537,,22.543204981782285,,0.4425804046555646,,80013.85816280823,,,,,,0.10364699363708496,,0.016145706176757812,,9.648133196235799,
rw,2.013333333333333,9.40528986811515,,1.135210370354561,,21.08099258696574,,1.135210370354561,,54.934399361644694,,57.88021401493113,,1.554674645727818,,103049.15821782956,,,,,,0.09038352966308594,,0.014338493347167969,,11.063962690189292,
rw,5.0,38.11307690989396,25.668244232336495,2.8625956420531455,1.4350819436869855,44.28766987255728,17.028613064706548,2.862614648425776,1.4350550646170401,79.53561209563424,0.41299188350869265,546.672127882442,220.62142988599274,1.2049021265766493,0.6800695722132418,50812550.46339981,63931993.31026772,,,,,0.5756295919418335,0.5667073680144513,0.10330915451049805,0.10190298750442768,3.3707728110778232,3.318526035981857
rw,5.003484320557491,25.84790135424918,,1.7998340205660202,,26.275043426193477,,1.7998340205660202,,84.02275238741075,,475.6715318311036,,0.6921683616382666,,13187573.424076585,,,,,,0.5671935081481934,,0.09330272674560547,,1.7630667234976978,
rw,5.007751937984496,76.42412350664105,,4.249933980460995,,127.2019345472172,,4.2501415318156575,,65.50977062763621,,158.6981108139728,,1.3820653265020437,,2179663.6804534304,,,,,,0.22928977012634277,,0.02608203887939453,,4.361293569481892,
rw,5.01056338028169,30.79678816296463,,2.86957018915286,,43.15270510655808,,2.86957018915286,,87.30480878842522,,332.85723191736355,,0.9022304462499708,,2856228.921264086,,,,,,0.4609081745147705,,0.09226131439208984,,2.169629560275793,
rw,5.015873015873016,23.252415777604643,,1.6413116140707742,,23.278570860817872,,1.6413116140707742,,49.80976566914195,,542.5535806240468,,1.3014964002357723,,5259959.51394092,,,,,,0.2503550052642822,,0.0465087890625,,3.994327970173275,
rw,5.016949152542373,38.81645766112429,,4.61383561210805,,75.99771220587954,,4.61383561210805,,90.47305256258592,,703.9969552109527,,1.8264376640587483,,36311364.09753061,,,,,,0.293306827545166,,0.064239501953125,,3.409398984570214,
rw,5.033333333333333,26.86954637528684,,4.769459957535486,,27.83326804840347,,4.769459957535486,,61.47607825558396,,48.13006990480329,,2.4070102979517,,58943.5775945894,,,,,,0.05513477325439453,,0.011322975158691406,,18.137373947036135,
rw,5.04,72.87571601615744,,6.222337606760466,,72.95429335341376,,6.222337606760466,,44.102553908948,,894.8843282494008,,2.7226343744055983,,12791196.095201144,,,,,,0.08136773109436035,,0.008843421936035156,,12.289884288899763,
rw,5.097560975609756,11.12314026045974,,1.4823961218678416,,11.824348265403154,,1.4823961218678416,,95.3143858558383,,41.48009830067091,,0.6213156158255486,,91149.89421794281,,,,,,0.10257816314697266,,0.013737678527832031,,9.748663549055884,
rw,10.0,83.83934966506682,,6.954691021850405,,86.558057881471,,6.954691021850405,,72.36464262748217,,356.39331537983054,,1.6653404846986009,,59795694.27993749,,,,,,0.15933561325073242,,0.026267051696777344,,6.276060822801668,
rw,10.02112676056338,44.385084172767336,,4.721970093019362,,57.992079933832876,,4.7223494255966365,,81.19322379707225,,356.9245619323028,,0.8535916607358552,,3084847.169073155,,,,,,0.40614771842956543,,0.10085678100585938,,2.4621583591966454,
rw,10.023809523809524,37.20544184459578,,4.057145744461059,,50.30631277822228,,4.057145744461059,,75.01281545336462,,494.44303600858547,,0.6633314745504584,,7307010.056933474,,,,,,1.050379991531372,,0.14391613006591797,,0.952036413547899,
rw,10.031746031746032,48.97896524025799,,3.535502196013155,,49.035486791303214,,3.535502196013155,,50.31503746465138,,559.7774609936159,,0.8976224809179684,,4863457.510739657,,,,,,0.20811843872070312,,0.03770637512207031,,4.804956284253167,
rw,10.041958041958042,34.67782050375253,,4.145598311912649,,40.84984345051277,,4.145598311912649,,80.63827622501847,,453.21160147433795,,0.6865184537800625,,12315182.310142152,,,,,,0.4542973041534424,,0.02949237823486328,,2.20120170394461,
rw,10.066666666666666,112.75246054242889,,4.471563529502149,,112.87928577220474,,4.471563529502149,,77.25609514241083,,344.1505074786992,,3.4595646393990673,,374941.18510664435,,,,,,0.03108978271484375,,0.012083053588867188,,32.164907975460125,
rw,10.08,551.8046812497544,,61.04645237273513,,552.3763692376822,,61.04645237273513,,43.19624727396725,,985.2649456964145,,2.785704009173441,,13424317.219124096,,,,,,0.0554659366607666,,0.007877349853515625,,18.02908343757119,
rw,10.090909090909092,118.86439665653565,,8.806372204785198,,119.01766607154045,,8.806372204785198,,87.25798649023736,,652.8873791673966,,1.850869312752616,,35931716.28182603,,,,,,0.232560396194458,,0.062389373779296875,,4.299958274769358,
rw,10.09375,59.56187354247233,,7.413125057212371,,117.8663809563565,,7.413321814241092,,66.66825936872358,,164.58228415956307,,1.3642008010181417,,2237742.025594719,,,,,,0.2317497730255127,,0.040001869201660156,,4.314998832339365,
rw,10.45,20.159871588256177,,2.3993699454356214,,23.3460821054614,,2.3993699454356214,,94.23074837999698,,80.86505801004903,,0.5124651525620884,,156728.26909975125,,,,,,0.07323598861694336,,0.012427330017089844,,13.654488986698093,
squish,2.0,25.15700274201701,8.834386971538715,0.5464992417833284,0.3299133970905361,27.860302203957946,11.471336066203335,0.5464992417833284,0.3299133970905361,69.76128770191553,15.448908869717231,554.9717286421613,247.80150293077622,1.6045843601413476,0.8816853729149904,25199800.947668698,30715747.362002272,,,,,2.9756641387939453,3.42058495000753,0.06630579630533855,0.041796570852731314,1.005461464670934,1.1832289840292882
squish,2.0009505703422055,18.690260598679796,,0.27250200357356863,,18.711282038534243,,0.27250200357356863,,81.4368648732569,,338.02944501439407,,0.7261594221219321,,4658188.494540254,,,,,,20.514044284820557,,0.2059478759765625,,0.04874709180285595,
squish,2.0014064697609,19.366809778528292,,0.3903210884419698,,23.09529335441284,,0.3903210884419698,,86.16378810832308,,221.17075813046748,,1.0032157405822273,,1839074.7153221506,,,,,,9.357393503189087,,0.138214111328125,,0.10686736639419842,
squish,2.0096153846153846,6.492670454552929,,0.13147423770839792,,6.757115517476762,,0.13147423770839792,,86.01038870254968,,22.843020291038375,,0.45761266387357363,,82210.14258524698,,,,,,0.18477153778076172,,0.01708221435546875,,5.412088961377466,
squish,2.013333333333333,36.38320419328744,,0.8920604723190753,,36.42412061723036,,0.8920604723190753,,68.36437747560173,,108.66123123664354,,3.5315082299296847,,122430.90758569588,,,,,,0.09652400016784668,,0.01288604736328125,,10.360117672921643,
squish,5.0,49.75928488033823,17.990559932899572,1.552405323657684,0.6860203510942464,49.81401750109306,18.011360114019105,1.552405323657684,0.6860203510942464,87.02099103379607,17.95909093938629,423.7276071595811,21.063727486762403,1.1299663193295284,0.5740440883415918,24890619.916488517,27038343.66482796,,,,,13.679851770401001,17.924849332237287,0.12180328369140625,0.11899842361002247,0.5164501513421221,0.6767099019631644
squish,5.003484320557491,36.631676385093186,,1.252936101290632,,36.67209143312799,,1.252936101290632,,78.0372246293464,,459.06796219567264,,0.7073863419075473,,13062047.42837306,,,,,,12.62717580795288,,0.1392974853515625,,0.07919427235424864,
squish,5.007751937984496,57.62164542606495,,2.3230288943704505,,79.80568067072984,,2.323225651399172,,72.26938792630936,,145.68219859292344,,1.3800097193926966,,2483886.4333865345,,,,,,2.387467622756958,,0.05908203125,,0.4188538476786703,
squish,5.01056338028169,31.478677737538497,,1.493893924396339,,45.6975687975871,,1.493893924396339,,89.73582340837321,,324.74457751730154,,0.9487067085216645,,2740001.614683828,,,,,,11.939998865127563,,0.138214111328125,,0.08375210176281003,
squish,5.015873015873016,38.38370251146498,,0.9610922758038603,,38.42830393524641,,0.9610922758038603,,50.317348993302716,,549.2226889352102,,0.6821652737049435,,4255369.841515034,,,,,,2.262576103210449,,0.0579071044921875,,0.44197408369206437,
squish,5.016949152542373,98.1820586980644,,1.5966102540586233,,98.2925049627172,,1.5966102540586233,,89.49317530658632,,716.5405274266006,,1.8347650678397294,,35984447.543890074,,,,,,4.534344673156738,,0.0839691162109375,,0.22053903531418487,
squish,5.033333333333333,52.58873724983718,,2.9036356184551813,,52.648011010906835,,2.9036356184551813,,61.37271548872003,,62.18062938017635,,2.0954166530591594,,90159.81628992001,,,,,,0.12314486503601074,,0.01288604736328125,,8.12051724371596,
squish,5.04,83.72487590797098,,4.799012372595055,,125.39984746523871,,4.799012372595055,,43.90713368955053,,961.308121198033,,2.887591984374887,,12928651.74212104,,,,,,0.36168503761291504,,0.01992034912109375,,2.7648365179823298,
squish,5.097560975609756,16.596008991294674,,1.1869114090907613,,16.61468012954088,,1.1869114090907613,,80.10509913989893,,31.692151859918766,,0.5951339555249618,,78807.90409527176,,,,,,0.23433971405029297,,0.01708221435546875,,4.26730912450198,
squish,10.0,168.19451197502488,,5.983277038260429,,168.38191063216155,,5.983277038260429,,67.30705376127027,,388.33320463537575,,1.644982821063451,,51496070.29285194,,,,,,1.0194196701049805,,0.03765869140625,,0.980950269379263,
squish,10.02112676056338,47.320558416420205,,3.445081688956414,,60.87991592849913,,3.445081688956414,,85.88937056054647,,437.6753458975556,,0.9361465539159367,,3627945.557562912,,,,,,12.490061044692993,,0.138214111328125,,0.08006365993102159,
squish,10.023809523809524,50.76790767347874,,2.0864404564069425,,70.32767037222794,,2.0864404564069425,,85.31819997701571,,487.33118871808233,,0.7191051855956512,,7352822.036879575,,,,,,26.83942461013794,,0.2059478759765625,,0.037258622885017974,
squish,10.031746031746032,74.48639668396832,,1.9026705649066165,,75.34785098543992,,1.9026705649066165,,50.370258146714946,,548.4943009110988,,0.6461980834777503,,4172220.7761151907,,,,,,2.3464972972869873,,0.0579071044921875,,0.42616712201467133,
squish,10.041958041958042,74.09343334379047,,2.0328798508324346,,77.8134274568725,,2.0328798508324346,,86.18304453529754,,421.24517299443784,,0.6881968628018962,,12000444.967751326,,,,,,12.209333181381226,,0.1392974853515625,,0.0819045549125453,
squish,10.066666666666666,67.05102804403816,,10.977837373658822,,67.12644779672046,,10.977837373658822,,62.657353103248134,,96.44859491774429,,1.92546776580503,,98847.22213934973,,,,,,0.12609410285949707,,0.01288604736328125,,7.930584994242517,
squish,10.08,217.1717799491534,,7.339220496689451,,299.8120623192977,,7.339220496689451,,43.8197547522339,,1131.4587609566247,,2.503012718831932,,13545793.23193315,,,,,,0.4320516586303711,,0.01992034912109375,,2.314538041978726,
squish,10.090909090909092,141.36587350899993,,4.798308607822016,,184.87142529951316,,4.798308607822016,,85.66089187619009,,717.6733306551192,,1.8548484693760952,,37078263.54529834,,,,,,4.655192613601685,,0.0839691162109375,,0.2148138826905184,
squish,10.09375,91.74249662169308,,7.960187362418057,,91.84568973597723,,7.960305432577663,,70.98128232874423,,146.35610087400596,,1.429189202157756,,2429677.6134244082,,,,,,2.4880669116973877,,0.05908203125,,0.4019184513481547,
squish,10.45,25.220438203152547,,3.999366908733784,,30.56921654665507,,3.999366908733784,,93.00033538007342,,77.85775419067905,,0.5192619199468963,,130334.36493550055,,,,,,0.24265360832214355,,0.01708221435546875,,4.121100884980098,
us,2.0,73.9012118636354,67.3950238258169,0.849246009260393,0.4376029452359912,92.79614545229788,98.25075563189193,0.849246009260393,0.4376029452359912,73.51469573607629,20.765457819041295,573.2621564958775,248.94895309810704,1.5106485522131192,0.8101853940744189,29216796.185654733,40005030.068103954,,,,,0.0016331672668457031,0.0003339831927846563,0.042233784993489586,0.020160279957326402,633.8584496112512,127.43025152289994
us,2.0009505703422055,41.95636915512224,,0.3809581800318764,,171.51466283252498,,0.3809581800318764,,72.26571765813115,,226.5535673452589,,0.6614825547832095,,3207980.7298759907,,,,,,0.002501249313354492,,0.07332992553710938,,399.8002097035554,
us,2.0014064697609,45.640018395277856,,0.5460302163032561,,45.6911771042044,,0.5460302163032561,,73.56371242145062,,98.65481870170524,,0.8829402513170811,,937803.4826623731,,,,,,0.001985311508178711,,0.06269454956054688,,503.69929146151077,
us,2.0096153846153846,71.81411155551339,,0.6010246633201372,,71.89385313625408,,0.6010246633201372,,72.81900148113374,,15.443762734354125,,0.5203008325236582,,70565.0704582101,,,,,,0.0011246204376220703,,0.014812469482421875,,889.188891244435,
us,2.013333333333333,36.38320419328744,,0.5403586769043924,,36.42412105878433,,0.5403586769043924,,70.61938544478616,,90.71099926092397,,3.033115383741554,,161780.18097908632,,,,,,0.0010962486267089844,,0.00907135009765625,,912.2018268812527,
us,5.0,188.14391908762883,16.12349266260647,2.668565304079139,1.42901637251322,291.7554433714929,3.6770560132537735,2.6686090547072236,1.42895449978162,75.84860959748798,7.77716162667311,471.3103526241906,346.9682525418231,1.1646493718174011,0.7352327652747975,55384868.132915504,73805181.93762752,,,,,0.00147247314453125,0.000378647287021872,0.03408050537109375,0.027950441233272574,702.351525507928,180.61008491527429
us,5.003484320557491,77.83435559591658,,1.2478361713213517,,77.91189892719909,,1.2478361713213517,,92.69787487075581,,465.0676416061511,,0.8013969137212447,,15207593.764629161,,,,,,0.0014944076538085938,,0.020725250244140625,,669.1614550095725,
us,5.007751937984496,79.04732258573245,,2.6997117697114486,,198.7069175105479,,2.7000009732673185,,88.089551169609,,167.21132809986327,,1.3081834729355906,,2603347.804386546,,,,,,0.0017061233520507812,,0.015636444091796875,,586.1240916713248,
us,5.01056338028169,142.37215607977603,,2.3705037796437045,,142.52888099491474,,2.3705609462014867,,73.01404402106327,,99.05603889448963,,0.8422556377792405,,939806.3968070522,,,,,,0.0017580986022949219,,0.020595550537109375,,568.7963113642528,
us,5.015873015873016,31.02513540428023,,1.5286809449815075,,31.057544110085882,,1.5286809449815075,,49.949716616825384,,512.5218282565322,,1.270915481915889,,5137466.019426967,,,,,,0.0013623237609863281,,0.015537261962890625,,734.0399019950997,
us,5.016949152542373,111.04677464716481,,2.5637550432180856,,116.43875119180979,,2.5637550432180856,,73.29197988481793,,709.5878238591383,,1.8671148937802762,,34730767.268163875,,,,,,0.0013744831085205078,,0.017101287841796875,,727.5462272333044,
us,5.033333333333333,127.58533564010159,,1.2978072760601729,,140.1519838370129,,1.2978072760601729,,70.27958596509032,,89.131857543663,,2.074978703638222,,152172.8290232638,,,,,,0.0011188983917236328,,0.007643699645996094,,893.7362028553164,
us,5.04,99.00515904151163,,5.126562570085401,,99.39222641532193,,5.126562570085401,,42.29909455772434,,883.7289234675716,,2.8154120009067074,,13140255.55304175,,,,,,0.0012371540069580078,,0.00830078125,,808.3068028521873,
us,5.097560975609756,126.2529276192599,,2.0484761679846244,,126.39479606571958,,2.0488556038221906,,78.55592612151952,,16.741339779955297,,0.4910848066005714,,72415.46974499221,,,,,,0.0011868476867675781,,0.00803375244140625,,842.568099638409,
us,10.0,239.11008993479314,,7.146525267331042,,286.8866816639114,,7.146525267331042,,78.77897864903122,,711.4967392209184,,1.6905545108235707,,103780485.84264666,,,,,,0.0011448860168457031,,0.008074760437011719,,873.4493960849646,
us,10.02112676056338,156.93408660646037,,4.088460825669912,,157.1073583482907,,4.088515424009377,,74.59029416523606,,99.87958256732404,,0.8407271446897232,,953576.7392948131,,,,,,0.0014495849609375,,0.016025543212890625,,689.8526315789474,
us,10.023809523809524,207.41589139729115,,2.9957223730692637,,370.31583010836727,,2.995759790524604,,69.41159107951313,,226.10920325897726,,0.6400941995982119,,3196780.538964227,,,,,,0.0014488697052001953,,0.018100738525390625,,690.1931874280073,
us,10.031746031746032,57.16240172296026,,3.082548766304979,,57.22893273209679,,3.082548766304979,,48.641884957711895,,509.19533989135664,,0.9482407611557977,,4649824.897213686,,,,,,0.0013871192932128906,,0.008731842041015625,,720.918528704022,
us,10.041958041958042,118.7640009356841,,2.743365657029627,,118.89758705682523,,2.743365657029627,,92.0332863897153,,464.1989294081903,,0.7882266339470553,,14245648.670297623,,,,,,0.0013580322265625,,0.016063690185546875,,736.3595505617977,
us,10.066666666666666,302.1714090780439,,2.921155624991918,,302.51128777438646,,2.921155624991918,,72.41632994509322,,92.47606584741773,,2.0959200262818856,,134369.20695987035,,,,,,0.0011172294616699219,,0.00724029541015625,,895.0712761416987,
us,10.08,231.7948727385062,,14.048448668131128,,237.88077986375473,,14.048448668131128,,40.62880366086841,,907.1339526069332,,2.770695998164529,,13096559.204119306,,,,,,0.00113677978515625,,0.007498741149902344,,879.6778523489933,
us,10.090909090909092,111.04677464716481,,4.605306138655868,,119.01696570219326,,4.605306138655868,,70.06846124654591,,707.4987530266345,,1.85294178112298,,34675270.02712676,,,,,,0.0013086795806884766,,0.014377593994140625,,764.1289852432137,
us,10.09375,211.56423798320247,,5.601080909684373,,279.6681485939702,,5.601098866939792,,83.41957740310264,,165.31892993480713,,1.2973180515220746,,2646600.937187885,,,,,,0.0016543865203857422,,0.008708000183105469,,604.4536676754576,
us,10.45,126.2529276192599,,3.3859487099969843,,126.39479615362534,,3.3859487099969843,,78.67861445486993,,15.135944974796745,,0.4942836027862789,,69065.61364256672,,,,,,0.001112222671508789,,0.00738525390625,,899.1005359056805,
vw,2.0,25.15700274201701,8.834386971538715,0.5464992417833284,0.3299133970905361,27.860302203957946,11.471336066203335,0.5464992417833284,0.3299133970905361,69.76128770191553,15.448908869717231,554.9717286421613,247.80150293077622,1.6045843601413476,0.8816853729149904,25199800.947668698,30715747.362002272,,,,,2.259825348854065,2.605686684186097,0.023787816365559895,0.014260007091834954,1.3602765786252118,1.6251407721218254
vw,2.0009505703422055,18.690260598679796,,0.27250200357356863,,18.711282038534243,,0.27250200357356863,,81.4368648732569,,338.02944501439407,,0.7261594221219321,,4658188.494540254,,,,,,15.874119281768799,,0.07486343383789062,,0.06299562087507342,
vw,2.0014064697609,19.366809778528292,,0.3903210884419698,,23.09529335441284,,0.3903210884419698,,86.16378810832308,,221.17075813046748,,1.0032157405822273,,1839074.7153221506,,,,,,7.100472688674927,,0.048816680908203125,,0.14083569416371033,
vw,2.0096153846153846,6.492670454552929,,0.13147423770839792,,6.757115517476762,,0.13147423770839792,,86.01038870254968,,22.843020291038375,,0.45761266387357363,,82210.14258524698,,,,,,0.1354827880859375,,0.008251190185546875,,7.38101137515486,
vw,2.013333333333333,36.38320419328744,,0.8920604723190753,,36.42412061723036,,0.8920604723190753,,68.36437747560173,,108.66123123664354,,3.5315082299296847,,122430.90758569588,,,,,,0.07090330123901367,,0.007373809814453125,,14.103715659571606,
vw,5.0,49.75928488033823,17.990559932899572,1.552405323657684,0.6860203510942464,49.81401750109306,18.011360114019105,1.552405323657684,0.6860203510942464,87.02099103379607,17.95909093938629,423.7276071595811,21.063727486762403,1.1299663193295284,0.5740440883415918,24890619.916488517,27038343.66482796,,,,,10.75408923625946,14.166135893734388,0.042911529541015625,0.045186816400287794,0.7023889570165872,0.9252422215176114
vw,5.003484320557491,36.631676385093186,,1.252936101290632,,36.67209143312799,,1.252936101290632,,78.0372246293464,,459.06796219567264,,0.7073863419075473,,13062047.42837306,,,,,,9.232218980789185,,0.049304962158203125,,0.10831632157781838,
vw,5.007751937984496,57.62164542606495,,2.3230288943704505,,79.80568067072984,,2.323225651399172,,72.26938792630936,,145.68219859292344,,1.3800097193926966,,2483886.4333865345,,,,,,1.727853536605835,,0.019199371337890625,,0.5787527581558691,
vw,5.01056338028169,31.478677737538497,,1.493893924396339,,45.6975687975871,,1.493893924396339,,89.73582340837321,,324.74457751730154,,0.9487067085216645,,2740001.614683828,,,,,,9.410804510116577,,0.048816680908203125,,0.1062608408160008,
vw,5.015873015873016,38.38370251146498,,0.9610922758038603,,38.42830393524641,,0.9610922758038603,,50.317348993302716,,549.2226889352102,,0.6821652737049435,,4255369.841515034,,,,,,1.695298671722412,,0.018665313720703125,,0.5898665625591547,
vw,5.016949152542373,98.1820586980644,,1.5966102540586233,,98.2925049627172,,1.5966102540586233,,89.49317530658632,,716.5405274266006,,1.8347650678397294,,35984447.543890074,,,,,,3.4436120986938477,,0.028430938720703125,,0.290392753695835,
vw,5.033333333333333,52.58873724983718,,2.9036356184551813,,52.648011010906835,,2.9036356184551813,,61.37271548872003,,62.18062938017635,,2.0954166530591594,,90159.81628992001,,,,,,0.09053230285644531,,0.006514549255371094,,11.04578110186453,
vw,5.04,83.72487590797098,,4.799012372595055,,125.39984746523871,,4.799012372595055,,43.90713368955053,,961.308121198033,,2.887591984374887,,12928651.74212104,,,,,,0.27422165870666504,,0.006603240966796875,,3.64668496542682,
vw,5.097560975609756,16.596008991294674,,1.1869114090907613,,16.61468012954088,,1.1869114090907613,,80.10509913989893,,31.692151859918766,,0.5951339555249618,,78807.90409527176,,,,,,0.17148947715759277,,0.006514549255371094,,5.8312615827794225,
vw,10.0,168.19451197502488,,5.983277038260429,,168.38191063216155,,5.983277038260429,,67.30705376127027,,388.33320463537575,,1.644982821063451,,51496070.29285194,,,,,,0.768629789352417,,0.010959625244140625,,1.3010164501203059,
vw,10.02112676056338,47.320558416420205,,3.445081688956414,,60.87991592849913,,3.445081688956414,,85.88937056054647,,437.6753458975556,,0.9361465539159367,,3627945.557562912,,,,,,9.736936807632446,,0.048816680908203125,,0.10270170380649228,
vw,10.023809523809524,50.76790767347874,,2.0864404564069425,,70.32767037222794,,2.0864404564069425,,85.31819997701571,,487.33118871808233,,0.7191051855956512,,7352822.036879575,,,,,,20.899461030960083,,0.07486343383789062,,0.0478481238592047,
vw,10.031746031746032,74.48639668396832,,1.9026705649066165,,75.34785098543992,,1.9026705649066165,,50.370258146714946,,548.4943009110988,,0.6461980834777503,,4172220.7761151907,,,,,,1.7157018184661865,,0.018665313720703125,,0.5828518622740553,
vw,10.041958041958042,74.09343334379047,,2.0328798508324346,,77.8134274568725,,2.0328798508324346,,86.18304453529754,,421.24517299443784,,0.6881968628018962,,12000444.967751326,,,,,,9.345594882965088,,0.04991912841796875,,0.10700228423369544,
vw,10.066666666666666,67.05102804403816,,10.977837373658822,,67.12644779672046,,10.977837373658822,,62.657353103248134,,96.44859491774429,,1.92546776580503,,98847.22213934973,,,,,,0.09122014045715332,,0.006514549255371094,,10.962491342245919,
vw,10.08,217.1717799491534,,7.339220496689451,,299.8120623192977,,7.339220496689451,,43.8197547522339,,1131.4587609566247,,2.503012718831932,,13545793.23193315,,,,,,0.26488375663757324,,0.006514549255371094,,3.7752409309425805,
vw,10.090909090909092,141.36587350899993,,4.798308607822016,,184.87142529951316,,4.798308607822016,,85.66089187619009,,717.6733306551192,,1.8548484693760952,,37078263.54529834,,,,,,3.5234899520874023,,0.028430938720703125,,0.28380952226288464,
vw,10.09375,91.74249662169308,,7.960187362418057,,91.84568973597723,,7.960305432577663,,70.98128232874423,,146.35610087400596,,1.429189202157756,,2429677.6134244082,,,,,,1.7733662128448486,,0.019199371337890625,,0.5638993191348739,
vw,10.45,25.220438203152547,,3.999366908733784,,30.56921654665507,,3.999366908733784,,93.00033538007342,,77.85775419067905,,0.5192619199468963,,130334.36493550055,,,,,,0.17545509338378906,,0.006514549255371094,,5.69946406635576,
